2018-07-22 23:58:53,b'RT @LouxC: Estoy feliz \xf0\x9f\x98\x8a el #CAL ha calificado el proyecto de #LeyREVAAS ir\xc3\xa1 a @JusticiaAN donde ser\xc3\xa1 debatido #CuidemosNuestrosNi\xc3\xb1os https\xe2\x80\xa6'
2018-07-22 03:24:36,"b'RT @LourdesCuestaO: Los ni\xc3\xb1os no mienten. Prendamos las alertas y escuchemos lo que dicen, veamos sus actitudes. Los agresores usan las ame\xe2\x80\xa6'"
2018-07-20 12:18:28,"b'RT @LourdesCuestaO: Los ni\xc3\xb1os no mienten. Prendamos las alertas y escuchemos lo que dicen, veamos sus actitudes. Los agresores usan las ame\xe2\x80\xa6'"
2018-07-20 10:44:10,"b'RT @LourdesCuestaO: Los ni\xc3\xb1os no mienten. Prendamos las alertas y escuchemos lo que dicen, veamos sus actitudes. Los agresores usan las ame\xe2\x80\xa6'"
2018-07-20 03:43:22,"b'RT @LourdesCuestaO: Los ni\xc3\xb1os no mienten. Prendamos las alertas y escuchemos lo que dicen, veamos sus actitudes. Los agresores usan las ame\xe2\x80\xa6'"
2018-07-20 03:11:39,"b'RT @LourdesCuestaO: Los ni\xc3\xb1os no mienten. Prendamos las alertas y escuchemos lo que dicen, veamos sus actitudes. Los agresores usan las ame\xe2\x80\xa6'"
2018-07-20 00:47:59,b'RT @LourdesCuestaO: La #LeyREVAAS involucra a varias instancias del Estado. Estamos proponiendo una ley de protecci\xc3\xb3n a la ni\xc3\xb1ez en el \xc3\xa1mbi\xe2\x80\xa6'
2018-07-20 00:23:17,"b'RT @LourdesCuestaO: Los ni\xc3\xb1os no mienten. Prendamos las alertas y escuchemos lo que dicen, veamos sus actitudes. Los agresores usan las ame\xe2\x80\xa6'"
2018-07-20 00:17:29,"b'RT @LourdesCuestaO: Los ni\xc3\xb1os no mienten. Prendamos las alertas y escuchemos lo que dicen, veamos sus actitudes. Los agresores usan las ame\xe2\x80\xa6'"
2018-07-19 23:58:55,b'RT @LourdesCuestaO: La #LeyREVAAS involucra a varias instancias del Estado. Estamos proponiendo una ley de protecci\xc3\xb3n a la ni\xc3\xb1ez en el \xc3\xa1mbi\xe2\x80\xa6'
2018-07-19 22:06:46,"b'RT @LourdesCuestaO: La #LeyREVAAS quiere evitar que quien ha hecho tanto da\xc3\xb1o a los m\xc3\xa1s peque\xc3\xb1os pueda trabajar cerca de ellos, quien desee\xe2\x80\xa6'"
2018-07-19 21:13:40,"b'RT @LourdesCuestaO: Los ni\xc3\xb1os no mienten. Prendamos las alertas y escuchemos lo que dicen, veamos sus actitudes. Los agresores usan las ame\xe2\x80\xa6'"
2018-07-19 20:53:02,"b'RT @LourdesCuestaO: Los ni\xc3\xb1os no mienten. Prendamos las alertas y escuchemos lo que dicen, veamos sus actitudes. Los agresores usan las ame\xe2\x80\xa6'"
2018-07-19 20:09:27,"b'RT @LourdesCuestaO: Los ni\xc3\xb1os no mienten. Prendamos las alertas y escuchemos lo que dicen, veamos sus actitudes. Los agresores usan las ame\xe2\x80\xa6'"
2018-07-19 19:06:19,"b'RT @LourdesCuestaO: La #LeyREVAAS quiere evitar que quien ha hecho tanto da\xc3\xb1o a los m\xc3\xa1s peque\xc3\xb1os pueda trabajar cerca de ellos, quien desee\xe2\x80\xa6'"
2018-07-19 18:49:20,"b'RT @LourdesCuestaO: La #LeyREVAAS asegurar\xc3\xa1 que quienes trabajen o realicen cualquier tipo de actividades cerca de \xc3\xb1i\xc3\xb1os, ni\xc3\xb1as y adolescen\xe2\x80\xa6'"
2018-07-19 16:12:01,b'RT @LourdesCuestaO: La #LeyREVAAS involucra a varias instancias del Estado. Estamos proponiendo una ley de protecci\xc3\xb3n a la ni\xc3\xb1ez en el \xc3\xa1mbi\xe2\x80\xa6'
2018-07-19 15:35:41,b'RT @LourdesCuestaO: La #LeyREVAAS involucra a varias instancias del Estado. Estamos proponiendo una ley de protecci\xc3\xb3n a la ni\xc3\xb1ez en el \xc3\xa1mbi\xe2\x80\xa6'
2018-07-19 15:12:20,b'RT @LourdesCuestaO: La #LeyREVAAS involucra a varias instancias del Estado. Estamos proponiendo una ley de protecci\xc3\xb3n a la ni\xc3\xb1ez en el \xc3\xa1mbi\xe2\x80\xa6'
2018-07-19 15:11:02,"b'RT @LourdesCuestaO: La #LeyREVAAS quiere evitar que quien ha hecho tanto da\xc3\xb1o a los m\xc3\xa1s peque\xc3\xb1os pueda trabajar cerca de ellos, quien desee\xe2\x80\xa6'"
2018-07-19 14:57:01,"b'RT @LourdesCuestaO: Los ni\xc3\xb1os no mienten. Prendamos las alertas y escuchemos lo que dicen, veamos sus actitudes. Los agresores usan las ame\xe2\x80\xa6'"
2018-07-19 14:35:13,b'RT @LourdesCuestaO: La #LeyREVAAS nos permitir\xc3\xa1 distinguir un grupo de riesgo para proteger a un grupo de inter\xc3\xa9s superior como son las ni\xc3\xb1\xe2\x80\xa6'
2018-07-19 14:33:34,b'RT @LourdesCuestaO: Ya al aire con @RNH_Latacunga para hablar de la #LeyREVAAS y otros temas de coyuntura. Feliz de compartir informaci\xc3\xb3n c\xe2\x80\xa6'
2018-07-19 14:25:53,b'RT @LourdesCuestaO: La #LeyREVAAS involucra a varias instancias del Estado. Estamos proponiendo una ley de protecci\xc3\xb3n a la ni\xc3\xb1ez en el \xc3\xa1mbi\xe2\x80\xa6'
2018-07-19 14:25:45,"b'RT @LourdesCuestaO: Los ni\xc3\xb1os no mienten. Prendamos las alertas y escuchemos lo que dicen, veamos sus actitudes. Los agresores usan las ame\xe2\x80\xa6'"
2018-07-19 14:25:45,b'RT @LourdesCuestaO: La #LeyREVAAS nos permitir\xc3\xa1 distinguir un grupo de riesgo para proteger a un grupo de inter\xc3\xa9s superior como son las ni\xc3\xb1\xe2\x80\xa6'
2018-07-19 14:05:53,"b'RT @LourdesCuestaO: Los ni\xc3\xb1os no mienten. Prendamos las alertas y escuchemos lo que dicen, veamos sus actitudes. Los agresores usan las ame\xe2\x80\xa6'"
2018-07-19 13:56:18,"b'RT @LourdesCuestaO: La #LeyREVAAS asegurar\xc3\xa1 que quienes trabajen o realicen cualquier tipo de actividades cerca de \xc3\xb1i\xc3\xb1os, ni\xc3\xb1as y adolescen\xe2\x80\xa6'"
2018-07-19 13:42:13,b'RT @LourdesCuestaO: La #LeyREVAAS nos permitir\xc3\xa1 distinguir un grupo de riesgo para proteger a un grupo de inter\xc3\xa9s superior como son las ni\xc3\xb1\xe2\x80\xa6'
2018-07-19 13:38:57,"b'RT @LourdesCuestaO: La #LeyREVAAS quiere evitar que quien ha hecho tanto da\xc3\xb1o a los m\xc3\xa1s peque\xc3\xb1os pueda trabajar cerca de ellos, quien desee\xe2\x80\xa6'"
2018-07-19 13:38:53,"b'RT @LourdesCuestaO: La #LeyREVAAS asegurar\xc3\xa1 que quienes trabajen o realicen cualquier tipo de actividades cerca de \xc3\xb1i\xc3\xb1os, ni\xc3\xb1as y adolescen\xe2\x80\xa6'"
2018-07-19 13:38:47,b'RT @LourdesCuestaO: Ya al aire con @RNH_Latacunga para hablar de la #LeyREVAAS y otros temas de coyuntura. Feliz de compartir informaci\xc3\xb3n c\xe2\x80\xa6'
2018-07-19 13:38:44,b'RT @LourdesCuestaO: La #LeyREVAAS nos permitir\xc3\xa1 distinguir un grupo de riesgo para proteger a un grupo de inter\xc3\xa9s superior como son las ni\xc3\xb1\xe2\x80\xa6'
2018-07-19 13:38:39,"b'RT @LourdesCuestaO: Los ni\xc3\xb1os no mienten. Prendamos las alertas y escuchemos lo que dicen, veamos sus actitudes. Los agresores usan las ame\xe2\x80\xa6'"
2018-07-19 13:38:35,b'RT @LourdesCuestaO: La #LeyREVAAS involucra a varias instancias del Estado. Estamos proponiendo una ley de protecci\xc3\xb3n a la ni\xc3\xb1ez en el \xc3\xa1mbi\xe2\x80\xa6'
2018-07-19 13:38:18,"b'RT @LourdesCuestaO: Los ni\xc3\xb1os no mienten. Prendamos las alertas y escuchemos lo que dicen, veamos sus actitudes. Los agresores usan las ame\xe2\x80\xa6'"
2018-07-19 13:26:55,"b'RT @LourdesCuestaO: Los ni\xc3\xb1os no mienten. Prendamos las alertas y escuchemos lo que dicen, veamos sus actitudes. Los agresores usan las ame\xe2\x80\xa6'"
2018-07-19 13:25:19,"b'RT @LourdesCuestaO: Los ni\xc3\xb1os no mienten. Prendamos las alertas y escuchemos lo que dicen, veamos sus actitudes. Los agresores usan las ame\xe2\x80\xa6'"
2018-07-19 13:22:58,"b'En este momento en Perspectiva la \nAsamble\xc3\xadsta por Azuay Lourdes Cuesta @LourdesCuestaO , miembro de @JusticiaAN, ""\xe2\x80\xa6 https://t.co/LhJcVwMTI5'"
2018-07-19 13:22:49,b'RT @LouxC: Estoy feliz \xf0\x9f\x98\x8a el #CAL ha calificado el proyecto de #LeyREVAAS ir\xc3\xa1 a @JusticiaAN donde ser\xc3\xa1 debatido #CuidemosNuestrosNi\xc3\xb1os https\xe2\x80\xa6'
2018-07-19 13:20:26,b'La #LeyREVAAS involucra a varias instancias del Estado. Estamos proponiendo una ley de protecci\xc3\xb3n a la ni\xc3\xb1ez en el\xe2\x80\xa6 https://t.co/uSORMbLnAU'
2018-07-19 13:18:55,"b'RT @LourdesCuestaO: Los ni\xc3\xb1os no mienten. Prendamos las alertas y escuchemos lo que dicen, veamos sus actitudes. Los agresores usan las ame\xe2\x80\xa6'"
2018-07-19 13:18:33,"b'RT @LourdesCuestaO: La #LeyREVAAS quiere evitar que quien ha hecho tanto da\xc3\xb1o a los m\xc3\xa1s peque\xc3\xb1os pueda trabajar cerca de ellos, quien desee\xe2\x80\xa6'"
2018-07-19 13:18:10,"b'Los ni\xc3\xb1os no mienten. Prendamos las alertas y escuchemos lo que dicen, veamos sus actitudes. Los agresores usan las\xe2\x80\xa6 https://t.co/Lmh6bgkgSw'"
2018-07-19 13:16:40,b'La #LeyREVAAS nos permitir\xc3\xa1 distinguir un grupo de riesgo para proteger a un grupo de inter\xc3\xa9s superior como son las\xe2\x80\xa6 https://t.co/SbfsaJO2Th'
2018-07-19 13:15:26,b'RT @LourdesCuestaO: Ya al aire con @RNH_Latacunga para hablar de la #LeyREVAAS y otros temas de coyuntura. Feliz de compartir informaci\xc3\xb3n c\xe2\x80\xa6'
2018-07-19 13:13:45,b'RT @LourdesCuestaO: Ya al aire con @RNH_Latacunga para hablar de la #LeyREVAAS y otros temas de coyuntura. Feliz de compartir informaci\xc3\xb3n c\xe2\x80\xa6'
2018-07-19 13:12:56,b'Ya al aire con @RNH_Latacunga para hablar de la #LeyREVAAS y otros temas de coyuntura. Feliz de compartir informaci\xe2\x80\xa6 https://t.co/yBodtsK9Jm'
2018-07-19 12:57:55,b'RT @LouxC: Estoy feliz \xf0\x9f\x98\x8a el #CAL ha calificado el proyecto de #LeyREVAAS ir\xc3\xa1 a @JusticiaAN donde ser\xc3\xa1 debatido #CuidemosNuestrosNi\xc3\xb1os https\xe2\x80\xa6'
2018-07-19 12:55:59,"b'RT @LourdesCuestaO: La #LeyREVAAS quiere evitar que quien ha hecho tanto da\xc3\xb1o a los m\xc3\xa1s peque\xc3\xb1os pueda trabajar cerca de ellos, quien desee\xe2\x80\xa6'"
2018-07-19 12:54:35,"b'RT @LourdesCuestaO: La #LeyREVAAS quiere evitar que quien ha hecho tanto da\xc3\xb1o a los m\xc3\xa1s peque\xc3\xb1os pueda trabajar cerca de ellos, quien desee\xe2\x80\xa6'"
2018-07-19 12:17:30,b'RT @LouxC: Estoy feliz \xf0\x9f\x98\x8a el #CAL ha calificado el proyecto de #LeyREVAAS ir\xc3\xa1 a @JusticiaAN donde ser\xc3\xa1 debatido #CuidemosNuestrosNi\xc3\xb1os https\xe2\x80\xa6'
2018-07-19 12:15:50,"b'RT @LourdesCuestaO: La #LeyREVAAS quiere evitar que quien ha hecho tanto da\xc3\xb1o a los m\xc3\xa1s peque\xc3\xb1os pueda trabajar cerca de ellos, quien desee\xe2\x80\xa6'"
2018-07-19 12:07:05,"b'RT @LourdesCuestaO: La #LeyREVAAS quiere evitar que quien ha hecho tanto da\xc3\xb1o a los m\xc3\xa1s peque\xc3\xb1os pueda trabajar cerca de ellos, quien desee\xe2\x80\xa6'"
2018-07-19 11:57:27,"b'RT @LourdesCuestaO: La #LeyREVAAS quiere evitar que quien ha hecho tanto da\xc3\xb1o a los m\xc3\xa1s peque\xc3\xb1os pueda trabajar cerca de ellos, quien desee\xe2\x80\xa6'"
2018-07-19 04:59:32,"b'RT @LourdesCuestaO: La #LeyREVAAS quiere evitar que quien ha hecho tanto da\xc3\xb1o a los m\xc3\xa1s peque\xc3\xb1os pueda trabajar cerca de ellos, quien desee\xe2\x80\xa6'"
2018-07-19 03:10:20,"b'RT @LourdesCuestaO: La #LeyREVAAS quiere evitar que quien ha hecho tanto da\xc3\xb1o a los m\xc3\xa1s peque\xc3\xb1os pueda trabajar cerca de ellos, quien desee\xe2\x80\xa6'"
2018-07-19 03:01:34,"b'RT @LourdesCuestaO: La #LeyREVAAS asegurar\xc3\xa1 que quienes trabajen o realicen cualquier tipo de actividades cerca de \xc3\xb1i\xc3\xb1os, ni\xc3\xb1as y adolescen\xe2\x80\xa6'"
2018-07-19 02:31:10,b'RT @LouxC: Estoy feliz \xf0\x9f\x98\x8a el #CAL ha calificado el proyecto de #LeyREVAAS ir\xc3\xa1 a @JusticiaAN donde ser\xc3\xa1 debatido #CuidemosNuestrosNi\xc3\xb1os https\xe2\x80\xa6'
2018-07-19 02:08:59,"b'RT @LourdesCuestaO: La #LeyREVAAS asegurar\xc3\xa1 que quienes trabajen o realicen cualquier tipo de actividades cerca de \xc3\xb1i\xc3\xb1os, ni\xc3\xb1as y adolescen\xe2\x80\xa6'"
2018-07-19 01:59:45,b'RT @LouxC: Estoy feliz \xf0\x9f\x98\x8a el #CAL ha calificado el proyecto de #LeyREVAAS ir\xc3\xa1 a @JusticiaAN donde ser\xc3\xa1 debatido #CuidemosNuestrosNi\xc3\xb1os https\xe2\x80\xa6'
2018-07-19 01:47:24,b'RT @LouxC: Estoy feliz \xf0\x9f\x98\x8a el #CAL ha calificado el proyecto de #LeyREVAAS ir\xc3\xa1 a @JusticiaAN donde ser\xc3\xa1 debatido #CuidemosNuestrosNi\xc3\xb1os https\xe2\x80\xa6'
2018-07-19 00:00:27,b'RT @LouxC: Estoy feliz \xf0\x9f\x98\x8a el #CAL ha calificado el proyecto de #LeyREVAAS ir\xc3\xa1 a @JusticiaAN donde ser\xc3\xa1 debatido #CuidemosNuestrosNi\xc3\xb1os https\xe2\x80\xa6'
2018-07-18 23:53:04,b'RT @LouxC: Estoy feliz \xf0\x9f\x98\x8a el #CAL ha calificado el proyecto de #LeyREVAAS ir\xc3\xa1 a @JusticiaAN donde ser\xc3\xa1 debatido #CuidemosNuestrosNi\xc3\xb1os https\xe2\x80\xa6'
2018-07-18 23:52:39,"b'RT @LourdesCuestaO: La #LeyREVAAS asegurar\xc3\xa1 que quienes trabajen o realicen cualquier tipo de actividades cerca de \xc3\xb1i\xc3\xb1os, ni\xc3\xb1as y adolescen\xe2\x80\xa6'"
2018-07-18 21:41:13,b'RT @LouxC: Estoy feliz \xf0\x9f\x98\x8a el #CAL ha calificado el proyecto de #LeyREVAAS ir\xc3\xa1 a @JusticiaAN donde ser\xc3\xa1 debatido #CuidemosNuestrosNi\xc3\xb1os https\xe2\x80\xa6'
2018-07-18 21:31:21,b'RT @LouxC: Estoy feliz \xf0\x9f\x98\x8a el #CAL ha calificado el proyecto de #LeyREVAAS ir\xc3\xa1 a @JusticiaAN donde ser\xc3\xa1 debatido #CuidemosNuestrosNi\xc3\xb1os https\xe2\x80\xa6'
2018-07-18 21:31:04,b'RT @LouxC: Estoy feliz \xf0\x9f\x98\x8a el #CAL ha calificado el proyecto de #LeyREVAAS ir\xc3\xa1 a @JusticiaAN donde ser\xc3\xa1 debatido #CuidemosNuestrosNi\xc3\xb1os https\xe2\x80\xa6'
2018-07-18 20:51:21,"b'RT @LourdesCuestaO: La #LeyREVAAS asegurar\xc3\xa1 que quienes trabajen o realicen cualquier tipo de actividades cerca de \xc3\xb1i\xc3\xb1os, ni\xc3\xb1as y adolescen\xe2\x80\xa6'"
2018-07-18 20:27:06,"b'RT @LourdesCuestaO: La #LeyREVAAS asegurar\xc3\xa1 que quienes trabajen o realicen cualquier tipo de actividades cerca de \xc3\xb1i\xc3\xb1os, ni\xc3\xb1as y adolescen\xe2\x80\xa6'"
2018-07-18 20:21:00,"b'RT @LourdesCuestaO: La #LeyREVAAS asegurar\xc3\xa1 que quienes trabajen o realicen cualquier tipo de actividades cerca de \xc3\xb1i\xc3\xb1os, ni\xc3\xb1as y adolescen\xe2\x80\xa6'"
2018-07-18 19:57:33,b'RT @LouxC: Estoy feliz \xf0\x9f\x98\x8a el #CAL ha calificado el proyecto de #LeyREVAAS ir\xc3\xa1 a @JusticiaAN donde ser\xc3\xa1 debatido #CuidemosNuestrosNi\xc3\xb1os https\xe2\x80\xa6'
2018-07-18 19:48:07,b'RT @LouxC: Estoy feliz \xf0\x9f\x98\x8a el #CAL ha calificado el proyecto de #LeyREVAAS ir\xc3\xa1 a @JusticiaAN donde ser\xc3\xa1 debatido #CuidemosNuestrosNi\xc3\xb1os https\xe2\x80\xa6'
2018-07-18 19:21:33,"b'RT @LourdesCuestaO: La #LeyREVAAS quiere evitar que quien ha hecho tanto da\xc3\xb1o a los m\xc3\xa1s peque\xc3\xb1os pueda trabajar cerca de ellos, quien desee\xe2\x80\xa6'"
2018-07-18 19:13:35,"b'RT @LourdesCuestaO: La #LeyREVAAS asegurar\xc3\xa1 que quienes trabajen o realicen cualquier tipo de actividades cerca de \xc3\xb1i\xc3\xb1os, ni\xc3\xb1as y adolescen\xe2\x80\xa6'"
2018-07-18 19:11:52,b'RT @LourdesCuestaO: Hoy nos escucharmos a trav\xc3\xa9s de la se\xc3\xb1al de @fmmundo para hablar de la #LeyREVAAS que el d\xc3\xada de ayer fue calificada por\xe2\x80\xa6'
2018-07-18 19:04:28,"b'RT @LourdesCuestaO: La #LeyREVAAS asegurar\xc3\xa1 que quienes trabajen o realicen cualquier tipo de actividades cerca de \xc3\xb1i\xc3\xb1os, ni\xc3\xb1as y adolescen\xe2\x80\xa6'"
2018-07-18 19:02:56,"b'La #LeyREVAAS asegurar\xc3\xa1 que quienes trabajen o realicen cualquier tipo de actividades cerca de \xc3\xb1i\xc3\xb1os, ni\xc3\xb1as y adole\xe2\x80\xa6 https://t.co/quqcWcOlRr'"
2018-07-18 18:59:06,"b'La #LeyREVAAS quiere evitar que quien ha hecho tanto da\xc3\xb1o a los m\xc3\xa1s peque\xc3\xb1os pueda trabajar cerca de ellos, quien d\xe2\x80\xa6 https://t.co/wINPPFEKgK'"
2018-07-18 18:50:13,b'RT @LouxC: Estoy feliz \xf0\x9f\x98\x8a el #CAL ha calificado el proyecto de #LeyREVAAS ir\xc3\xa1 a @JusticiaAN donde ser\xc3\xa1 debatido #CuidemosNuestrosNi\xc3\xb1os https\xe2\x80\xa6'
2018-07-18 18:27:48,b'RT @LouxC: Estoy feliz \xf0\x9f\x98\x8a el #CAL ha calificado el proyecto de #LeyREVAAS ir\xc3\xa1 a @JusticiaAN donde ser\xc3\xa1 debatido #CuidemosNuestrosNi\xc3\xb1os https\xe2\x80\xa6'
2018-07-18 18:18:47,b'RT @LouxC: Estoy feliz \xf0\x9f\x98\x8a el #CAL ha calificado el proyecto de #LeyREVAAS ir\xc3\xa1 a @JusticiaAN donde ser\xc3\xa1 debatido #CuidemosNuestrosNi\xc3\xb1os https\xe2\x80\xa6'
2018-07-18 18:11:29,b'RT @LouxC: Estoy feliz \xf0\x9f\x98\x8a el #CAL ha calificado el proyecto de #LeyREVAAS ir\xc3\xa1 a @JusticiaAN donde ser\xc3\xa1 debatido #CuidemosNuestrosNi\xc3\xb1os https\xe2\x80\xa6'
2018-07-18 18:01:57,b'RT @LouxC: Estoy feliz \xf0\x9f\x98\x8a el #CAL ha calificado el proyecto de #LeyREVAAS ir\xc3\xa1 a @JusticiaAN donde ser\xc3\xa1 debatido #CuidemosNuestrosNi\xc3\xb1os https\xe2\x80\xa6'
2018-07-18 15:11:37,b'RT @LouxC: Estoy feliz \xf0\x9f\x98\x8a el #CAL ha calificado el proyecto de #LeyREVAAS ir\xc3\xa1 a @JusticiaAN donde ser\xc3\xa1 debatido #CuidemosNuestrosNi\xc3\xb1os https\xe2\x80\xa6'
2018-07-18 14:38:11,b'RT @LourdesCuestaO: Hoy nos escucharmos a trav\xc3\xa9s de la se\xc3\xb1al de @fmmundo para hablar de la #LeyREVAAS que el d\xc3\xada de ayer fue calificada por\xe2\x80\xa6'
2018-07-18 14:34:48,b'RT @LouxC: Estoy feliz \xf0\x9f\x98\x8a el #CAL ha calificado el proyecto de #LeyREVAAS ir\xc3\xa1 a @JusticiaAN donde ser\xc3\xa1 debatido #CuidemosNuestrosNi\xc3\xb1os https\xe2\x80\xa6'
2018-07-18 14:18:35,b'RT @LourdesCuestaO: Hoy nos escucharmos a trav\xc3\xa9s de la se\xc3\xb1al de @fmmundo para hablar de la #LeyREVAAS que el d\xc3\xada de ayer fue calificada por\xe2\x80\xa6'
2018-07-18 14:06:17,b'RT @LouxC: Estoy feliz \xf0\x9f\x98\x8a el #CAL ha calificado el proyecto de #LeyREVAAS ir\xc3\xa1 a @JusticiaAN donde ser\xc3\xa1 debatido #CuidemosNuestrosNi\xc3\xb1os https\xe2\x80\xa6'
2018-07-18 14:01:06,b'RT @LourdesCuestaO: Hoy nos escucharmos a trav\xc3\xa9s de la se\xc3\xb1al de @fmmundo para hablar de la #LeyREVAAS que el d\xc3\xada de ayer fue calificada por\xe2\x80\xa6'
2018-07-18 13:58:28,b'RT @LouxC: Estoy feliz \xf0\x9f\x98\x8a el #CAL ha calificado el proyecto de #LeyREVAAS ir\xc3\xa1 a @JusticiaAN donde ser\xc3\xa1 debatido #CuidemosNuestrosNi\xc3\xb1os https\xe2\x80\xa6'
2018-07-18 13:55:53,b'RT @LouxC: Estoy feliz \xf0\x9f\x98\x8a el #CAL ha calificado el proyecto de #LeyREVAAS ir\xc3\xa1 a @JusticiaAN donde ser\xc3\xa1 debatido #CuidemosNuestrosNi\xc3\xb1os https\xe2\x80\xa6'
2018-07-18 13:47:39,b'RT @LourdesCuestaO: Hoy nos escucharmos a trav\xc3\xa9s de la se\xc3\xb1al de @fmmundo para hablar de la #LeyREVAAS que el d\xc3\xada de ayer fue calificada por\xe2\x80\xa6'
2018-07-18 13:04:17,b'RT @LaPosta_Ecu: #Caf\xc3\xa9ConCuesta\n\xe2\x80\x9cLa #LeyREVAAS no es una lista negra. Reinserci\xc3\xb3n laboral \xf0\x9f\x92\xbc pero no con ni\xc3\xb1os\xe2\x80\x9d dice @LouxC sobre el proyect\xe2\x80\xa6'
2018-07-18 13:04:13,b'RT @LaPosta_Ecu: #Caf\xc3\xa9ConCuesta\n\xe2\x80\x9cLa #LeyREVAAS inhabilita de por vida a trabajar cerca de ni\xc3\xb1os\xe2\x80\x9d nos cuenta @LouxC sobre el proyecto de ley\xe2\x80\xa6'
2018-07-18 12:50:18,"b'RT @LouxC: \xc2\xbfTe interesa trabajar por los ni\xc3\xb1os? A mi tambi\xc3\xa9n. Por eso propongo la #LeyRevaas, mira el video, s\xc3\xbamate a esta iniciativa y tra\xe2\x80\xa6'"
2018-07-18 12:30:00,b'Hoy nos escucharmos a trav\xc3\xa9s de la se\xc3\xb1al de @fmmundo para hablar de la #LeyREVAAS que el d\xc3\xada de ayer fue calificada\xe2\x80\xa6 https://t.co/IfteQc5FEf'
2018-07-18 11:11:20,b'RT @LouxC: Estoy feliz \xf0\x9f\x98\x8a el #CAL ha calificado el proyecto de #LeyREVAAS ir\xc3\xa1 a @JusticiaAN donde ser\xc3\xa1 debatido #CuidemosNuestrosNi\xc3\xb1os https\xe2\x80\xa6'
2018-07-18 06:38:33,b'RT @LouxC: Estoy feliz \xf0\x9f\x98\x8a el #CAL ha calificado el proyecto de #LeyREVAAS ir\xc3\xa1 a @JusticiaAN donde ser\xc3\xa1 debatido #CuidemosNuestrosNi\xc3\xb1os https\xe2\x80\xa6'
2018-07-18 05:11:38,b'RT @LouxC: Estoy feliz \xf0\x9f\x98\x8a el #CAL ha calificado el proyecto de #LeyREVAAS ir\xc3\xa1 a @JusticiaAN donde ser\xc3\xa1 debatido #CuidemosNuestrosNi\xc3\xb1os https\xe2\x80\xa6'
2018-07-18 05:05:49,b'RT @LouxC: Estoy feliz \xf0\x9f\x98\x8a el #CAL ha calificado el proyecto de #LeyREVAAS ir\xc3\xa1 a @JusticiaAN donde ser\xc3\xa1 debatido #CuidemosNuestrosNi\xc3\xb1os https\xe2\x80\xa6'
2018-07-18 04:56:29,"b'RT @LouxC: \xc2\xbfTe interesa trabajar por los ni\xc3\xb1os? A mi tambi\xc3\xa9n. Por eso propongo la #LeyRevaas, mira el video, s\xc3\xbamate a esta iniciativa y tra\xe2\x80\xa6'"
2018-07-18 04:56:13,b'RT @LouxC: Estoy feliz \xf0\x9f\x98\x8a el #CAL ha calificado el proyecto de #LeyREVAAS ir\xc3\xa1 a @JusticiaAN donde ser\xc3\xa1 debatido #CuidemosNuestrosNi\xc3\xb1os https\xe2\x80\xa6'
2018-07-18 04:55:31,b'RT @LouxC: Estoy feliz \xf0\x9f\x98\x8a el #CAL ha calificado el proyecto de #LeyREVAAS ir\xc3\xa1 a @JusticiaAN donde ser\xc3\xa1 debatido #CuidemosNuestrosNi\xc3\xb1os https\xe2\x80\xa6'
2018-07-18 04:25:18,b'RT @LouxC: Estoy feliz \xf0\x9f\x98\x8a el #CAL ha calificado el proyecto de #LeyREVAAS ir\xc3\xa1 a @JusticiaAN donde ser\xc3\xa1 debatido #CuidemosNuestrosNi\xc3\xb1os https\xe2\x80\xa6'
2018-07-18 04:12:27,b'RT @LouxC: Estoy feliz \xf0\x9f\x98\x8a el #CAL ha calificado el proyecto de #LeyREVAAS ir\xc3\xa1 a @JusticiaAN donde ser\xc3\xa1 debatido #CuidemosNuestrosNi\xc3\xb1os https\xe2\x80\xa6'
2018-07-18 04:08:24,b'RT @LouxC: Estoy feliz \xf0\x9f\x98\x8a el #CAL ha calificado el proyecto de #LeyREVAAS ir\xc3\xa1 a @JusticiaAN donde ser\xc3\xa1 debatido #CuidemosNuestrosNi\xc3\xb1os https\xe2\x80\xa6'
2018-07-18 04:03:39,b'RT @LouxC: Estoy feliz \xf0\x9f\x98\x8a el #CAL ha calificado el proyecto de #LeyREVAAS ir\xc3\xa1 a @JusticiaAN donde ser\xc3\xa1 debatido #CuidemosNuestrosNi\xc3\xb1os https\xe2\x80\xa6'
2018-07-18 04:03:01,"b'RT @LouxC: \xc2\xbfTe interesa trabajar por los ni\xc3\xb1os? A mi tambi\xc3\xa9n. Por eso propongo la #LeyRevaas, mira el video, s\xc3\xbamate a esta iniciativa y tra\xe2\x80\xa6'"
2018-07-18 03:59:05,b'RT @LouxC: Estoy feliz \xf0\x9f\x98\x8a el #CAL ha calificado el proyecto de #LeyREVAAS ir\xc3\xa1 a @JusticiaAN donde ser\xc3\xa1 debatido #CuidemosNuestrosNi\xc3\xb1os https\xe2\x80\xa6'
2018-07-18 03:52:10,b'RT @LouxC: Estoy feliz \xf0\x9f\x98\x8a el #CAL ha calificado el proyecto de #LeyREVAAS ir\xc3\xa1 a @JusticiaAN donde ser\xc3\xa1 debatido #CuidemosNuestrosNi\xc3\xb1os https\xe2\x80\xa6'
2018-07-18 03:35:01,b'RT @LouxC: Estoy feliz \xf0\x9f\x98\x8a el #CAL ha calificado el proyecto de #LeyREVAAS ir\xc3\xa1 a @JusticiaAN donde ser\xc3\xa1 debatido #CuidemosNuestrosNi\xc3\xb1os https\xe2\x80\xa6'
2018-07-18 03:21:44,b'RT @LouxC: Estoy feliz \xf0\x9f\x98\x8a el #CAL ha calificado el proyecto de #LeyREVAAS ir\xc3\xa1 a @JusticiaAN donde ser\xc3\xa1 debatido #CuidemosNuestrosNi\xc3\xb1os https\xe2\x80\xa6'
2018-07-18 03:19:18,b'RT @LouxC: Estoy feliz \xf0\x9f\x98\x8a el #CAL ha calificado el proyecto de #LeyREVAAS ir\xc3\xa1 a @JusticiaAN donde ser\xc3\xa1 debatido #CuidemosNuestrosNi\xc3\xb1os https\xe2\x80\xa6'
2018-07-18 03:16:28,b'RT @LouxC: Estoy feliz \xf0\x9f\x98\x8a el #CAL ha calificado el proyecto de #LeyREVAAS ir\xc3\xa1 a @JusticiaAN donde ser\xc3\xa1 debatido #CuidemosNuestrosNi\xc3\xb1os https\xe2\x80\xa6'
2018-07-18 03:08:19,b'RT @LouxC: Estoy feliz \xf0\x9f\x98\x8a el #CAL ha calificado el proyecto de #LeyREVAAS ir\xc3\xa1 a @JusticiaAN donde ser\xc3\xa1 debatido #CuidemosNuestrosNi\xc3\xb1os https\xe2\x80\xa6'
2018-07-18 03:07:22,b'RT @LouxC: Estoy feliz \xf0\x9f\x98\x8a el #CAL ha calificado el proyecto de #LeyREVAAS ir\xc3\xa1 a @JusticiaAN donde ser\xc3\xa1 debatido #CuidemosNuestrosNi\xc3\xb1os https\xe2\x80\xa6'
2018-07-18 03:04:27,b'RT @LouxC: Estoy feliz \xf0\x9f\x98\x8a el #CAL ha calificado el proyecto de #LeyREVAAS ir\xc3\xa1 a @JusticiaAN donde ser\xc3\xa1 debatido #CuidemosNuestrosNi\xc3\xb1os https\xe2\x80\xa6'
2018-07-18 02:59:20,b'RT @LouxC: Estoy feliz \xf0\x9f\x98\x8a el #CAL ha calificado el proyecto de #LeyREVAAS ir\xc3\xa1 a @JusticiaAN donde ser\xc3\xa1 debatido #CuidemosNuestrosNi\xc3\xb1os https\xe2\x80\xa6'
2018-07-18 02:57:09,"b'RT @LouxC: \xc2\xbfTe interesa trabajar por los ni\xc3\xb1os? A mi tambi\xc3\xa9n. Por eso propongo la #LeyRevaas, mira el video, s\xc3\xbamate a esta iniciativa y tra\xe2\x80\xa6'"
2018-07-18 02:56:51,"b'RT @LouxC: \xc2\xbfTe interesa trabajar por los ni\xc3\xb1os? A mi tambi\xc3\xa9n. Por eso propongo la #LeyRevaas, mira el video, s\xc3\xbamate a esta iniciativa y tra\xe2\x80\xa6'"
2018-07-18 02:52:10,b'RT @LouxC: Estoy feliz \xf0\x9f\x98\x8a el #CAL ha calificado el proyecto de #LeyREVAAS ir\xc3\xa1 a @JusticiaAN donde ser\xc3\xa1 debatido #CuidemosNuestrosNi\xc3\xb1os https\xe2\x80\xa6'
2018-07-18 02:46:30,b'RT @LouxC: Estoy feliz \xf0\x9f\x98\x8a el #CAL ha calificado el proyecto de #LeyREVAAS ir\xc3\xa1 a @JusticiaAN donde ser\xc3\xa1 debatido #CuidemosNuestrosNi\xc3\xb1os https\xe2\x80\xa6'
2018-07-18 02:45:38,b'RT @LouxC: Estoy feliz \xf0\x9f\x98\x8a el #CAL ha calificado el proyecto de #LeyREVAAS ir\xc3\xa1 a @JusticiaAN donde ser\xc3\xa1 debatido #CuidemosNuestrosNi\xc3\xb1os https\xe2\x80\xa6'
2018-07-18 02:44:37,b'RT @LouxC: Estoy feliz \xf0\x9f\x98\x8a el #CAL ha calificado el proyecto de #LeyREVAAS ir\xc3\xa1 a @JusticiaAN donde ser\xc3\xa1 debatido #CuidemosNuestrosNi\xc3\xb1os https\xe2\x80\xa6'
2018-07-18 02:36:58,b'RT @LouxC: Estoy feliz \xf0\x9f\x98\x8a el #CAL ha calificado el proyecto de #LeyREVAAS ir\xc3\xa1 a @JusticiaAN donde ser\xc3\xa1 debatido #CuidemosNuestrosNi\xc3\xb1os https\xe2\x80\xa6'
2018-07-18 02:32:44,b'RT @LourdesCuestaO: Hay la voluntad pol\xc3\xadtica y la preocupaci\xc3\xb3n para tratar como prioritarios los temas de ni\xc3\xb1ez y la #LeyREVAAS ha tenido g\xe2\x80\xa6'
2018-07-18 02:25:50,b'RT @LouxC: Estoy feliz \xf0\x9f\x98\x8a el #CAL ha calificado el proyecto de #LeyREVAAS ir\xc3\xa1 a @JusticiaAN donde ser\xc3\xa1 debatido #CuidemosNuestrosNi\xc3\xb1os https\xe2\x80\xa6'
2018-07-18 02:19:43,b'RT @LouxC: Estoy feliz \xf0\x9f\x98\x8a el #CAL ha calificado el proyecto de #LeyREVAAS ir\xc3\xa1 a @JusticiaAN donde ser\xc3\xa1 debatido #CuidemosNuestrosNi\xc3\xb1os https\xe2\x80\xa6'
2018-07-18 02:17:24,b'RT @LouxC: Estoy feliz \xf0\x9f\x98\x8a el #CAL ha calificado el proyecto de #LeyREVAAS ir\xc3\xa1 a @JusticiaAN donde ser\xc3\xa1 debatido #CuidemosNuestrosNi\xc3\xb1os https\xe2\x80\xa6'
2018-07-18 02:10:39,b'RT @LouxC: Estoy feliz \xf0\x9f\x98\x8a el #CAL ha calificado el proyecto de #LeyREVAAS ir\xc3\xa1 a @JusticiaAN donde ser\xc3\xa1 debatido #CuidemosNuestrosNi\xc3\xb1os https\xe2\x80\xa6'
2018-07-18 02:10:13,b'RT @LouxC: Estoy feliz \xf0\x9f\x98\x8a el #CAL ha calificado el proyecto de #LeyREVAAS ir\xc3\xa1 a @JusticiaAN donde ser\xc3\xa1 debatido #CuidemosNuestrosNi\xc3\xb1os https\xe2\x80\xa6'
2018-07-18 02:08:11,b'RT @LouxC: Estoy feliz \xf0\x9f\x98\x8a el #CAL ha calificado el proyecto de #LeyREVAAS ir\xc3\xa1 a @JusticiaAN donde ser\xc3\xa1 debatido #CuidemosNuestrosNi\xc3\xb1os https\xe2\x80\xa6'
2018-07-18 02:04:24,b'RT @LouxC: Estoy feliz \xf0\x9f\x98\x8a el #CAL ha calificado el proyecto de #LeyREVAAS ir\xc3\xa1 a @JusticiaAN donde ser\xc3\xa1 debatido #CuidemosNuestrosNi\xc3\xb1os https\xe2\x80\xa6'
2018-07-18 01:40:56,b'RT @LouxC: Estoy feliz \xf0\x9f\x98\x8a el #CAL ha calificado el proyecto de #LeyREVAAS ir\xc3\xa1 a @JusticiaAN donde ser\xc3\xa1 debatido #CuidemosNuestrosNi\xc3\xb1os https\xe2\x80\xa6'
2018-07-18 01:37:08,b'RT @LouxC: Estoy feliz \xf0\x9f\x98\x8a el #CAL ha calificado el proyecto de #LeyREVAAS ir\xc3\xa1 a @JusticiaAN donde ser\xc3\xa1 debatido #CuidemosNuestrosNi\xc3\xb1os https\xe2\x80\xa6'
2018-07-18 01:27:07,b'RT @LouxC: Estoy feliz \xf0\x9f\x98\x8a el #CAL ha calificado el proyecto de #LeyREVAAS ir\xc3\xa1 a @JusticiaAN donde ser\xc3\xa1 debatido #CuidemosNuestrosNi\xc3\xb1os https\xe2\x80\xa6'
2018-07-18 01:13:34,b'RT @LouxC: Estoy feliz \xf0\x9f\x98\x8a el #CAL ha calificado el proyecto de #LeyREVAAS ir\xc3\xa1 a @JusticiaAN donde ser\xc3\xa1 debatido #CuidemosNuestrosNi\xc3\xb1os https\xe2\x80\xa6'
2018-07-18 01:10:03,b'RT @LouxC: Estoy feliz \xf0\x9f\x98\x8a el #CAL ha calificado el proyecto de #LeyREVAAS ir\xc3\xa1 a @JusticiaAN donde ser\xc3\xa1 debatido #CuidemosNuestrosNi\xc3\xb1os https\xe2\x80\xa6'
2018-07-18 01:06:21,b'RT @LouxC: Estoy feliz \xf0\x9f\x98\x8a el #CAL ha calificado el proyecto de #LeyREVAAS ir\xc3\xa1 a @JusticiaAN donde ser\xc3\xa1 debatido #CuidemosNuestrosNi\xc3\xb1os https\xe2\x80\xa6'
2018-07-18 01:06:10,b'RT @LouxC: Estoy feliz \xf0\x9f\x98\x8a el #CAL ha calificado el proyecto de #LeyREVAAS ir\xc3\xa1 a @JusticiaAN donde ser\xc3\xa1 debatido #CuidemosNuestrosNi\xc3\xb1os https\xe2\x80\xa6'
2018-07-18 00:56:06,b'RT @LouxC: Estoy feliz \xf0\x9f\x98\x8a el #CAL ha calificado el proyecto de #LeyREVAAS ir\xc3\xa1 a @JusticiaAN donde ser\xc3\xa1 debatido #CuidemosNuestrosNi\xc3\xb1os https\xe2\x80\xa6'
2018-07-18 00:48:34,b'RT @LouxC: Estoy feliz \xf0\x9f\x98\x8a el #CAL ha calificado el proyecto de #LeyREVAAS ir\xc3\xa1 a @JusticiaAN donde ser\xc3\xa1 debatido #CuidemosNuestrosNi\xc3\xb1os https\xe2\x80\xa6'
2018-07-18 00:45:14,b'RT @LouxC: Estoy feliz \xf0\x9f\x98\x8a el #CAL ha calificado el proyecto de #LeyREVAAS ir\xc3\xa1 a @JusticiaAN donde ser\xc3\xa1 debatido #CuidemosNuestrosNi\xc3\xb1os https\xe2\x80\xa6'
2018-07-18 00:44:01,b'RT @LouxC: Estoy feliz \xf0\x9f\x98\x8a el #CAL ha calificado el proyecto de #LeyREVAAS ir\xc3\xa1 a @JusticiaAN donde ser\xc3\xa1 debatido #CuidemosNuestrosNi\xc3\xb1os https\xe2\x80\xa6'
2018-07-18 00:39:55,b'RT @LouxC: Estoy feliz \xf0\x9f\x98\x8a el #CAL ha calificado el proyecto de #LeyREVAAS ir\xc3\xa1 a @JusticiaAN donde ser\xc3\xa1 debatido #CuidemosNuestrosNi\xc3\xb1os https\xe2\x80\xa6'
2018-07-18 00:38:05,b'RT @LouxC: Estoy feliz \xf0\x9f\x98\x8a el #CAL ha calificado el proyecto de #LeyREVAAS ir\xc3\xa1 a @JusticiaAN donde ser\xc3\xa1 debatido #CuidemosNuestrosNi\xc3\xb1os https\xe2\x80\xa6'
2018-07-18 00:37:33,b'RT @LouxC: Estoy feliz \xf0\x9f\x98\x8a el #CAL ha calificado el proyecto de #LeyREVAAS ir\xc3\xa1 a @JusticiaAN donde ser\xc3\xa1 debatido #CuidemosNuestrosNi\xc3\xb1os https\xe2\x80\xa6'
2018-07-18 00:24:51,b'RT @LouxC: Estoy feliz \xf0\x9f\x98\x8a el #CAL ha calificado el proyecto de #LeyREVAAS ir\xc3\xa1 a @JusticiaAN donde ser\xc3\xa1 debatido #CuidemosNuestrosNi\xc3\xb1os https\xe2\x80\xa6'
2018-07-18 00:22:06,b'RT @LouxC: Estoy feliz \xf0\x9f\x98\x8a el #CAL ha calificado el proyecto de #LeyREVAAS ir\xc3\xa1 a @JusticiaAN donde ser\xc3\xa1 debatido #CuidemosNuestrosNi\xc3\xb1os https\xe2\x80\xa6'
2018-07-18 00:15:25,b'RT @LouxC: Estoy feliz \xf0\x9f\x98\x8a el #CAL ha calificado el proyecto de #LeyREVAAS ir\xc3\xa1 a @JusticiaAN donde ser\xc3\xa1 debatido #CuidemosNuestrosNi\xc3\xb1os https\xe2\x80\xa6'
2018-07-18 00:10:43,b'RT @LouxC: Estoy feliz \xf0\x9f\x98\x8a el #CAL ha calificado el proyecto de #LeyREVAAS ir\xc3\xa1 a @JusticiaAN donde ser\xc3\xa1 debatido #CuidemosNuestrosNi\xc3\xb1os https\xe2\x80\xa6'
2018-07-18 00:10:17,b'RT @LouxC: Estoy feliz \xf0\x9f\x98\x8a el #CAL ha calificado el proyecto de #LeyREVAAS ir\xc3\xa1 a @JusticiaAN donde ser\xc3\xa1 debatido #CuidemosNuestrosNi\xc3\xb1os https\xe2\x80\xa6'
2018-07-18 00:09:44,b'RT @LouxC: Estoy feliz \xf0\x9f\x98\x8a el #CAL ha calificado el proyecto de #LeyREVAAS ir\xc3\xa1 a @JusticiaAN donde ser\xc3\xa1 debatido #CuidemosNuestrosNi\xc3\xb1os https\xe2\x80\xa6'
2018-07-18 00:08:54,b'RT @LouxC: Estoy feliz \xf0\x9f\x98\x8a el #CAL ha calificado el proyecto de #LeyREVAAS ir\xc3\xa1 a @JusticiaAN donde ser\xc3\xa1 debatido #CuidemosNuestrosNi\xc3\xb1os https\xe2\x80\xa6'
2018-07-18 00:03:14,b'Estoy feliz \xf0\x9f\x98\x8a el #CAL ha calificado el proyecto de #LeyREVAAS ir\xc3\xa1 a @JusticiaAN donde ser\xc3\xa1 debatido\xe2\x80\xa6 https://t.co/X4JfYJs1qy'
2018-07-17 22:15:53,b'RT @Alfred_MedinaR: Dutante este finde con @LouxC semana participamos de la presentaci\xc3\xb3n de la #LeyREVAAS la cual propone un registro de qu\xe2\x80\xa6'
2018-07-17 21:09:38,"b'RT @LourdesCuestaO: Algunas personas piensan q la castracion quimica o pena de muertes es la soluci\xc3\xb3n, estoy de acuerdo q quienes cometen e\xe2\x80\xa6'"
2018-07-17 21:07:45,b'RT @LourdesCuestaO: Hay la voluntad pol\xc3\xadtica y la preocupaci\xc3\xb3n para tratar como prioritarios los temas de ni\xc3\xb1ez y la #LeyREVAAS ha tenido g\xe2\x80\xa6'
2018-07-17 18:55:22,b'RT @LaPosta_Ecu: #Caf\xc3\xa9ConCuesta\n\xe2\x80\x9cLa #LeyREVAAS inhabilita de por vida a trabajar cerca de ni\xc3\xb1os\xe2\x80\x9d nos cuenta @LouxC sobre el proyecto de ley\xe2\x80\xa6'
2018-07-17 18:45:07,b'RT @Alfred_MedinaR: Dutante este finde con @LouxC semana participamos de la presentaci\xc3\xb3n de la #LeyREVAAS la cual propone un registro de qu\xe2\x80\xa6'
2018-07-17 18:05:09,b'RT @LaPosta_Ecu: #Caf\xc3\xa9ConCuesta\n\xe2\x80\x9cLa #LeyREVAAS no es una lista negra. Reinserci\xc3\xb3n laboral \xf0\x9f\x92\xbc pero no con ni\xc3\xb1os\xe2\x80\x9d dice @LouxC sobre el proyect\xe2\x80\xa6'
2018-07-17 16:51:42,"b'RT @LourdesCuestaO: Algunas personas piensan q la castracion quimica o pena de muertes es la soluci\xc3\xb3n, estoy de acuerdo q quienes cometen e\xe2\x80\xa6'"
2018-07-17 15:43:27,"b'RT @LourdesCuestaO: No queremos que en el pa\xc3\xads se repitan casos dolorosos como el Caso \xe2\x80\x9cEli\xe2\x80\x9d, Caso \xe2\x80\x9cEmilia\xe2\x80\x9d, Caso \xe2\x80\x9cEl Principito. No podemo\xe2\x80\xa6'"
2018-07-17 14:56:58,b'RT @LourdesCuestaO: Hay la voluntad pol\xc3\xadtica y la preocupaci\xc3\xb3n para tratar como prioritarios los temas de ni\xc3\xb1ez y la #LeyREVAAS ha tenido g\xe2\x80\xa6'
2018-07-17 14:55:59,"b'RT @LourdesCuestaO: Algunas personas piensan q la castracion quimica o pena de muertes es la soluci\xc3\xb3n, estoy de acuerdo q quienes cometen e\xe2\x80\xa6'"
2018-07-17 14:28:40,b'RT @LaPosta_Ecu: #Caf\xc3\xa9ConCuesta\n\xe2\x80\x9cLa #LeyREVAAS inhabilita de por vida a trabajar cerca de ni\xc3\xb1os\xe2\x80\x9d nos cuenta @LouxC sobre el proyecto de ley\xe2\x80\xa6'
2018-07-17 14:28:35,b'RT @LaPosta_Ecu: #Caf\xc3\xa9ConCuesta\n\xe2\x80\x9cLa #LeyREVAAS no es una lista negra. Reinserci\xc3\xb3n laboral \xf0\x9f\x92\xbc pero no con ni\xc3\xb1os\xe2\x80\x9d dice @LouxC sobre el proyect\xe2\x80\xa6'
2018-07-17 14:04:17,b'RT @LourdesCuestaO: Hay la voluntad pol\xc3\xadtica y la preocupaci\xc3\xb3n para tratar como prioritarios los temas de ni\xc3\xb1ez y la #LeyREVAAS ha tenido g\xe2\x80\xa6'
2018-07-17 14:04:11,"b'RT @LourdesCuestaO: Algunas personas piensan q la castracion quimica o pena de muertes es la soluci\xc3\xb3n, estoy de acuerdo q quienes cometen e\xe2\x80\xa6'"
2018-07-17 14:03:09,"b'Algunas personas piensan q la castracion quimica o pena de muertes es la soluci\xc3\xb3n, estoy de acuerdo q quienes comet\xe2\x80\xa6 https://t.co/C3HWo3QX6u'"
2018-07-17 14:01:11,b'RT @LaPosta_Ecu: #Caf\xc3\xa9ConCuesta\n\xe2\x80\x9cLa #LeyREVAAS inhabilita de por vida a trabajar cerca de ni\xc3\xb1os\xe2\x80\x9d nos cuenta @LouxC sobre el proyecto de ley\xe2\x80\xa6'
2018-07-17 13:58:42,b'RT @LaPosta_Ecu: #Caf\xc3\xa9ConCuesta\n\xe2\x80\x9cLa #LeyREVAAS no es una lista negra. Reinserci\xc3\xb3n laboral \xf0\x9f\x92\xbc pero no con ni\xc3\xb1os\xe2\x80\x9d dice @LouxC sobre el proyect\xe2\x80\xa6'
2018-07-17 13:57:11,b'#Caf\xc3\xa9ConCuesta\n\xe2\x80\x9cLa #LeyREVAAS no es una lista negra. Reinserci\xc3\xb3n laboral \xf0\x9f\x92\xbc pero no con ni\xc3\xb1os\xe2\x80\x9d dice @LouxC sobre el\xe2\x80\xa6 https://t.co/7IvPLhVkQb'
2018-07-17 13:56:36,b'Hay la voluntad pol\xc3\xadtica y la preocupaci\xc3\xb3n para tratar como prioritarios los temas de ni\xc3\xb1ez y la #LeyREVAAS ha teni\xe2\x80\xa6 https://t.co/19uOmVh7O6'
2018-07-17 13:53:58,b'RT @LaPosta_Ecu: #Caf\xc3\xa9ConCuesta\n\xe2\x80\x9cLa #LeyREVAAS inhabilita de por vida a trabajar cerca de ni\xc3\xb1os\xe2\x80\x9d nos cuenta @LouxC sobre el proyecto de ley\xe2\x80\xa6'
2018-07-17 13:52:58,b'#Caf\xc3\xa9ConCuesta\n\xe2\x80\x9cLa #LeyREVAAS inhabilita de por vida a trabajar cerca de ni\xc3\xb1os\xe2\x80\x9d nos cuenta @LouxC sobre el proyecto\xe2\x80\xa6 https://t.co/d4GmzyRe9k'
2018-07-17 12:43:58,"b'RT @LourdesCuestaO: \xc2\xa1Ma\xc3\xb1ana!\n\nNos encontramos para tomar un caf\xc3\xa9 y hablar de la #LeyREVAAS y otros temas, con @AnderssonBoscan en News&amp;Coff\xe2\x80\xa6'"
2018-07-17 11:46:01,"b'RT @LourdesCuestaO: \xc2\xa1Ma\xc3\xb1ana!\n\nNos encontramos para tomar un caf\xc3\xa9 y hablar de la #LeyREVAAS y otros temas, con @AnderssonBoscan en News&amp;Coff\xe2\x80\xa6'"
2018-07-17 11:43:41,b'RT @LourdesCuestaO: En los \xc3\xbaltimos a\xc3\xb1os el #Ecuador  ha tenido que enfrentar dolorosos casos de abuso sexual infantil. Por eso he presentad\xe2\x80\xa6'
2018-07-17 07:30:57,b'RT @LourdesCuestaO: En los \xc3\xbaltimos a\xc3\xb1os el #Ecuador  ha tenido que enfrentar dolorosos casos de abuso sexual infantil. Por eso he presentad\xe2\x80\xa6'
2018-07-17 06:23:31,"b'RT @LourdesCuestaO: \xc2\xa1Ma\xc3\xb1ana!\n\nNos encontramos para tomar un caf\xc3\xa9 y hablar de la #LeyREVAAS y otros temas, con @AnderssonBoscan en News&amp;Coff\xe2\x80\xa6'"
2018-07-17 05:14:46,b'RT @LourdesCuestaO: En los \xc3\xbaltimos a\xc3\xb1os el #Ecuador  ha tenido que enfrentar dolorosos casos de abuso sexual infantil. Por eso he presentad\xe2\x80\xa6'
2018-07-17 04:17:12,b'RT @Alfred_MedinaR: Dutante este finde con @LouxC semana participamos de la presentaci\xc3\xb3n de la #LeyREVAAS la cual propone un registro de qu\xe2\x80\xa6'
2018-07-17 03:53:17,b'RT @Alfred_MedinaR: Dutante este finde con @LouxC semana participamos de la presentaci\xc3\xb3n de la #LeyREVAAS la cual propone un registro de qu\xe2\x80\xa6'
2018-07-17 02:24:59,"b'RT @LourdesCuestaO: \xc2\xa1Ma\xc3\xb1ana!\n\nNos encontramos para tomar un caf\xc3\xa9 y hablar de la #LeyREVAAS y otros temas, con @AnderssonBoscan en News&amp;Coff\xe2\x80\xa6'"
2018-07-17 02:09:45,"b'RT @LourdesCuestaO: \xc2\xa1Ma\xc3\xb1ana!\n\nNos encontramos para tomar un caf\xc3\xa9 y hablar de la #LeyREVAAS y otros temas, con @AnderssonBoscan en News&amp;Coff\xe2\x80\xa6'"
2018-07-17 02:07:54,"b'RT @LourdesCuestaO: \xc2\xa1Ma\xc3\xb1ana!\n\nNos encontramos para tomar un caf\xc3\xa9 y hablar de la #LeyREVAAS y otros temas, con @AnderssonBoscan en News&amp;Coff\xe2\x80\xa6'"
2018-07-17 01:33:27,"b'RT @LourdesCuestaO: \xc2\xa1Ma\xc3\xb1ana!\n\nNos encontramos para tomar un caf\xc3\xa9 y hablar de la #LeyREVAAS y otros temas, con @AnderssonBoscan en News&amp;Coff\xe2\x80\xa6'"
2018-07-17 01:24:50,"b'RT @LourdesCuestaO: \xc2\xa1Ma\xc3\xb1ana!\n\nNos encontramos para tomar un caf\xc3\xa9 y hablar de la #LeyREVAAS y otros temas, con @AnderssonBoscan en News&amp;Coff\xe2\x80\xa6'"
2018-07-17 01:07:07,"b'RT @LourdesCuestaO: \xc2\xa1Ma\xc3\xb1ana!\n\nNos encontramos para tomar un caf\xc3\xa9 y hablar de la #LeyREVAAS y otros temas, con @AnderssonBoscan en News&amp;Coff\xe2\x80\xa6'"
2018-07-17 00:57:45,"b'RT @LourdesCuestaO: \xc2\xa1Ma\xc3\xb1ana!\n\nNos encontramos para tomar un caf\xc3\xa9 y hablar de la #LeyREVAAS y otros temas, con @AnderssonBoscan en News&amp;Coff\xe2\x80\xa6'"
2018-07-17 00:44:10,b'RT @LourdesCuestaO: En los \xc3\xbaltimos a\xc3\xb1os el #Ecuador  ha tenido que enfrentar dolorosos casos de abuso sexual infantil. Por eso he presentad\xe2\x80\xa6'
2018-07-17 00:42:19,"b'RT @LourdesCuestaO: \xc2\xa1Ma\xc3\xb1ana!\n\nNos encontramos para tomar un caf\xc3\xa9 y hablar de la #LeyREVAAS y otros temas, con @AnderssonBoscan en News&amp;Coff\xe2\x80\xa6'"
2018-07-17 00:38:04,"b'RT @LourdesCuestaO: \xc2\xa1Ma\xc3\xb1ana!\n\nNos encontramos para tomar un caf\xc3\xa9 y hablar de la #LeyREVAAS y otros temas, con @AnderssonBoscan en News&amp;Coff\xe2\x80\xa6'"
2018-07-17 00:36:37,"b'\xc2\xa1Ma\xc3\xb1ana!\n\nNos encontramos para tomar un caf\xc3\xa9 y hablar de la #LeyREVAAS y otros temas, con @AnderssonBoscan en News&amp;\xe2\x80\xa6 https://t.co/OY7Yd5cYTv'"
2018-07-16 23:51:55,"b'RT @LouxC: \xc2\xbfTe interesa trabajar por los ni\xc3\xb1os? A mi tambi\xc3\xa9n. Por eso propongo la #LeyRevaas, mira el video, s\xc3\xbamate a esta iniciativa y tra\xe2\x80\xa6'"
2018-07-16 23:35:51,"b'RT @LouxC: \xc2\xbfTe interesa trabajar por los ni\xc3\xb1os? A mi tambi\xc3\xa9n. Por eso propongo la #LeyRevaas, mira el video, s\xc3\xbamate a esta iniciativa y tra\xe2\x80\xa6'"
2018-07-16 23:01:37,b'RT @Alfred_MedinaR: Dutante este finde con @LouxC semana participamos de la presentaci\xc3\xb3n de la #LeyREVAAS la cual propone un registro de qu\xe2\x80\xa6'
2018-07-16 23:00:52,b'Dutante este finde con @LouxC semana participamos de la presentaci\xc3\xb3n de la #LeyREVAAS la cual propone un registro d\xe2\x80\xa6 https://t.co/3Jz9HPowko'
2018-07-16 19:31:31,b'RT @LourdesCuestaO: La #LeyREVAAS es de gran importancia para mi! Por ello har\xc3\xa9 su lanzamiento en la ciudad de #Cuenca en donde han ocurrid\xe2\x80\xa6'
2018-07-16 19:18:18,b'RT @LourdesCuestaO: #LeyREVAAS \nEsta ley es una primera puerta para que se sigan articulando pol\xc3\xadticas p\xc3\xbablicas de protecci\xc3\xb3n a los ni\xc3\xb1os.\xe2\x80\xa6'
2018-07-16 19:08:48,b'RT @LourdesCuestaO: En los \xc3\xbaltimos a\xc3\xb1os el #Ecuador  ha tenido que enfrentar dolorosos casos de abuso sexual infantil. Por eso he presentad\xe2\x80\xa6'
2018-07-16 19:08:36,b'RT @LourdesCuestaO: La #LeyREVAAS es de gran importancia para mi! Por ello har\xc3\xa9 su lanzamiento en la ciudad de #Cuenca en donde han ocurrid\xe2\x80\xa6'
2018-07-16 19:06:36,b'RT @LourdesCuestaO: En los \xc3\xbaltimos a\xc3\xb1os el #Ecuador  ha tenido que enfrentar dolorosos casos de abuso sexual infantil. Por eso he presentad\xe2\x80\xa6'
2018-07-16 18:50:55,b'RT @LourdesCuestaO: Leyes similares a la #leyREVAAS se aplican en otros pa\xc3\xadses y han tenido buenos resultados. Demos un paso m\xc3\xa1s como pa\xc3\xads\xe2\x80\xa6'
2018-07-16 18:33:38,b'RT @LourdesCuestaO: En los \xc3\xbaltimos a\xc3\xb1os el #Ecuador  ha tenido que enfrentar dolorosos casos de abuso sexual infantil. Por eso he presentad\xe2\x80\xa6'
2018-07-16 16:39:28,b'RT @LourdesCuestaO: La #LeyREVAAS es de gran importancia para mi! Por ello har\xc3\xa9 su lanzamiento en la ciudad de #Cuenca en donde han ocurrid\xe2\x80\xa6'
2018-07-16 16:21:16,b'RT @LourdesCuestaO: Leyes similares a la #leyREVAAS se aplican en otros pa\xc3\xadses y han tenido buenos resultados. Demos un paso m\xc3\xa1s como pa\xc3\xads\xe2\x80\xa6'
2018-07-16 16:21:15,b'RT @LourdesCuestaO: #LeyREVAAS \nEsta ley es una primera puerta para que se sigan articulando pol\xc3\xadticas p\xc3\xbablicas de protecci\xc3\xb3n a los ni\xc3\xb1os.\xe2\x80\xa6'
2018-07-16 16:21:14,"b'RT @LourdesCuestaO: Ya estamos en @majestadfm con @fabriciovelav, listos para conversar sobre la #LeyREVAAS. \xc2\xbfSaben ustedes c\xc3\xb3mo este proye\xe2\x80\xa6'"
2018-07-16 16:04:47,b'RT @LourdesCuestaO: En los \xc3\xbaltimos a\xc3\xb1os el #Ecuador  ha tenido que enfrentar dolorosos casos de abuso sexual infantil. Por eso he presentad\xe2\x80\xa6'
2018-07-16 15:59:21,b'RT @LourdesCuestaO: En los \xc3\xbaltimos a\xc3\xb1os el #Ecuador  ha tenido que enfrentar dolorosos casos de abuso sexual infantil. Por eso he presentad\xe2\x80\xa6'
2018-07-16 15:52:06,b'RT @LourdesCuestaO: En los \xc3\xbaltimos a\xc3\xb1os el #Ecuador  ha tenido que enfrentar dolorosos casos de abuso sexual infantil. Por eso he presentad\xe2\x80\xa6'
2018-07-16 15:35:17,b'RT @LourdesCuestaO: La #LeyREVAAS es de gran importancia para mi! Por ello har\xc3\xa9 su lanzamiento en la ciudad de #Cuenca en donde han ocurrid\xe2\x80\xa6'
2018-07-16 15:31:24,b'RT @LourdesCuestaO: La #LeyREVAAS es de gran importancia para mi! Por ello har\xc3\xa9 su lanzamiento en la ciudad de #Cuenca en donde han ocurrid\xe2\x80\xa6'
2018-07-16 15:15:11,b'RT @LourdesCuestaO: En los \xc3\xbaltimos a\xc3\xb1os el #Ecuador  ha tenido que enfrentar dolorosos casos de abuso sexual infantil. Por eso he presentad\xe2\x80\xa6'
2018-07-16 15:12:06,b'RT @LourdesCuestaO: En los \xc3\xbaltimos a\xc3\xb1os el #Ecuador  ha tenido que enfrentar dolorosos casos de abuso sexual infantil. Por eso he presentad\xe2\x80\xa6'
2018-07-16 15:10:31,b'RT @LourdesCuestaO: En los \xc3\xbaltimos a\xc3\xb1os el #Ecuador  ha tenido que enfrentar dolorosos casos de abuso sexual infantil. Por eso he presentad\xe2\x80\xa6'
2018-07-16 15:10:29,b'RT @LourdesCuestaO: La #LeyREVAAS es de gran importancia para mi! Por ello har\xc3\xa9 su lanzamiento en la ciudad de #Cuenca en donde han ocurrid\xe2\x80\xa6'
2018-07-16 15:09:16,b'En los \xc3\xbaltimos a\xc3\xb1os el #Ecuador  ha tenido que enfrentar dolorosos casos de abuso sexual infantil. Por eso he prese\xe2\x80\xa6 https://t.co/FFCDwm9WF8'
2018-07-16 14:32:57,b'RT @LourdesCuestaO: #LeyREVAAS \nEsta ley es una primera puerta para que se sigan articulando pol\xc3\xadticas p\xc3\xbablicas de protecci\xc3\xb3n a los ni\xc3\xb1os.\xe2\x80\xa6'
2018-07-16 14:11:02,b'RT @LourdesCuestaO: Leyes similares a la #leyREVAAS se aplican en otros pa\xc3\xadses y han tenido buenos resultados. Demos un paso m\xc3\xa1s como pa\xc3\xads\xe2\x80\xa6'
2018-07-16 13:59:56,b'RT @LourdesCuestaO: Asamble\xc3\xadstas de distintas bancadas y autoridades del pa\xc3\xads han manifestado su apoyo a la #leyREVAAS. Este tema es urgent\xe2\x80\xa6'
2018-07-16 13:58:57,b'RT @LourdesCuestaO: #LeyREVAAS \nEsta ley es una primera puerta para que se sigan articulando pol\xc3\xadticas p\xc3\xbablicas de protecci\xc3\xb3n a los ni\xc3\xb1os.\xe2\x80\xa6'
2018-07-16 13:58:20,b'RT @LourdesCuestaO: Leyes similares a la #leyREVAAS se aplican en otros pa\xc3\xadses y han tenido buenos resultados. Demos un paso m\xc3\xa1s como pa\xc3\xads\xe2\x80\xa6'
2018-07-16 13:56:59,"b'RT @LourdesCuestaO: Me gustar\xc3\xada contar con el apoyo de toda la ciudadan\xc3\xada para la #LeyREVAAS este proyecto no tiene tinte pol\xc3\xadtico, es hech\xe2\x80\xa6'"
2018-07-16 13:56:12,b'RT @LourdesCuestaO: No puedo dejar de mencionarlo: si en la consulta popular todos aprobamos que un corrupto no pueda volver a trabajar en\xe2\x80\xa6'
2018-07-16 13:56:02,b'RT @LourdesCuestaO: #LeyREVAAS \nEsta ley es una primera puerta para que se sigan articulando pol\xc3\xadticas p\xc3\xbablicas de protecci\xc3\xb3n a los ni\xc3\xb1os.\xe2\x80\xa6'
2018-07-16 13:55:39,b'RT @LourdesCuestaO: Queremos trabajar coordinadamente con el Ministerio del Interior para que tambi\xc3\xa9n los extranjeros que vieneN al pa\xc3\xads Y\xe2\x80\xa6'
2018-07-16 13:55:27,b'RT @LourdesCuestaO: Deseo que sean los ciudadanos quienes se apropien de este proyecto pues el mismo no tiene bandera pol\xc3\xadtica ha sido real\xe2\x80\xa6'
2018-07-16 13:55:25,b'RT @LourdesCuestaO: Hemos estudiado previamente derecho comparado y varios estudios que demuestran que las personas que cometen estos actos\xe2\x80\xa6'
2018-07-16 13:55:23,"b'RT @LourdesCuestaO: Debemos tomar acciones concretas y eso representa la #LeyREVAAS, por eso he pedido a la Presidenta de la Asamblea que l\xe2\x80\xa6'"
2018-07-16 13:55:20,"b'RT @LourdesCuestaO: Debo ser honesta estoy muy sensible,  ya que a raz\xc3\xb3n de este proyecto he conocido de muchos otros casos de abuso sexual\xe2\x80\xa6'"
2018-07-16 13:54:53,b'RT @LourdesCuestaO: Buenos d\xc3\xadas y feliz viernes! Con un poco de fri\xc3\xb3 de Cuenca.. en unas pocas horas haremos el lanzamiento de la #LeyREVAA\xe2\x80\xa6'
2018-07-16 13:45:00,b'RT @LourdesCuestaO: #LeyREVAAS \n\nMa\xc3\xb1ana estar\xc3\xa9 en #Cuenca presentando este proyecto de ley para cuidar a nuestros ni\xc3\xb1os y que los agresores\xe2\x80\xa6'
2018-07-16 13:40:22,b'RT @LourdesCuestaO: Leyes similares a la #leyREVAAS se aplican en otros pa\xc3\xadses y han tenido buenos resultados. Demos un paso m\xc3\xa1s como pa\xc3\xads\xe2\x80\xa6'
2018-07-16 13:22:49,b'RT @LourdesCuestaO: #LeyREVAAS \nEsta ley es una primera puerta para que se sigan articulando pol\xc3\xadticas p\xc3\xbablicas de protecci\xc3\xb3n a los ni\xc3\xb1os.\xe2\x80\xa6'
2018-07-16 13:04:13,b'RT @LourdesCuestaO: Leyes similares a la #leyREVAAS se aplican en otros pa\xc3\xadses y han tenido buenos resultados. Demos un paso m\xc3\xa1s como pa\xc3\xads\xe2\x80\xa6'
2018-07-16 13:04:09,"b'RT @LourdesCuestaO: Ya estamos en @majestadfm con @fabriciovelav, listos para conversar sobre la #LeyREVAAS. \xc2\xbfSaben ustedes c\xc3\xb3mo este proye\xe2\x80\xa6'"
2018-07-16 13:03:09,b'RT @LourdesCuestaO: Leyes similares a la #leyREVAAS se aplican en otros pa\xc3\xadses y han tenido buenos resultados. Demos un paso m\xc3\xa1s como pa\xc3\xads\xe2\x80\xa6'
2018-07-16 13:02:40,b'RT @LourdesCuestaO: #LeyREVAAS \nEsta ley es una primera puerta para que se sigan articulando pol\xc3\xadticas p\xc3\xbablicas de protecci\xc3\xb3n a los ni\xc3\xb1os.\xe2\x80\xa6'
2018-07-16 13:02:35,b'RT @LourdesCuestaO: #LeyREVAAS \nEsta ley es una primera puerta para que se sigan articulando pol\xc3\xadticas p\xc3\xbablicas de protecci\xc3\xb3n a los ni\xc3\xb1os.\xe2\x80\xa6'
2018-07-16 13:02:23,b'RT @LourdesCuestaO: #LeyREVAAS \nEsta ley es una primera puerta para que se sigan articulando pol\xc3\xadticas p\xc3\xbablicas de protecci\xc3\xb3n a los ni\xc3\xb1os.\xe2\x80\xa6'
2018-07-16 13:01:18,b'RT @LourdesCuestaO: Asamble\xc3\xadstas de distintas bancadas y autoridades del pa\xc3\xads han manifestado su apoyo a la #leyREVAAS. Este tema es urgent\xe2\x80\xa6'
2018-07-16 12:59:33,b'RT @LourdesCuestaO: Asamble\xc3\xadstas de distintas bancadas y autoridades del pa\xc3\xads han manifestado su apoyo a la #leyREVAAS. Este tema es urgent\xe2\x80\xa6'
2018-07-16 12:56:44,b'RT @LourdesCuestaO: Asamble\xc3\xadstas de distintas bancadas y autoridades del pa\xc3\xads han manifestado su apoyo a la #leyREVAAS. Este tema es urgent\xe2\x80\xa6'
2018-07-16 12:51:51,b'RT @LourdesCuestaO: Asamble\xc3\xadstas de distintas bancadas y autoridades del pa\xc3\xads han manifestado su apoyo a la #leyREVAAS. Este tema es urgent\xe2\x80\xa6'
2018-07-16 12:51:33,b'Asamble\xc3\xadstas de distintas bancadas y autoridades del pa\xc3\xads han manifestado su apoyo a la #leyREVAAS. Este tema es ur\xe2\x80\xa6 https://t.co/kJba5wM2Ic'
2018-07-16 12:49:56,b'Leyes similares a la #leyREVAAS se aplican en otros pa\xc3\xadses y han tenido buenos resultados. Demos un paso m\xc3\xa1s como p\xe2\x80\xa6 https://t.co/sEG8aY3P5Y'
2018-07-16 12:48:16,b'#LeyREVAAS \nEsta ley es una primera puerta para que se sigan articulando pol\xc3\xadticas p\xc3\xbablicas de protecci\xc3\xb3n a los ni\xc3\xb1\xe2\x80\xa6 https://t.co/otgYwbEXzr'
2018-07-16 12:42:20,"b'Ya estamos en @majestadfm con @fabriciovelav, listos para conversar sobre la #LeyREVAAS. \xc2\xbfSaben ustedes c\xc3\xb3mo este p\xe2\x80\xa6 https://t.co/eslzMvN5uE'"
2018-07-16 01:59:06,b'RT @aprimerahora_ec: Y a las 7h30 con la asamble\xc3\xadsta @LouxC hablaremos del proyecto de #LeyREVAAS por @majestadfm'
2018-07-16 01:36:33,b'RT @aprimerahora_ec: Y a las 7h30 con la asamble\xc3\xadsta @LouxC hablaremos del proyecto de #LeyREVAAS por @majestadfm'
2018-07-16 01:34:21,b'RT @aprimerahora_ec: Y a las 7h30 con la asamble\xc3\xadsta @LouxC hablaremos del proyecto de #LeyREVAAS por @majestadfm'
2018-07-16 01:33:28,b'Y a las 7h30 con la asamble\xc3\xadsta @LouxC hablaremos del proyecto de #LeyREVAAS por @majestadfm'
2018-07-15 03:15:37,"b'RT @LourdesCuestaO: Me gustar\xc3\xada contar con el apoyo de toda la ciudadan\xc3\xada para la #LeyREVAAS este proyecto no tiene tinte pol\xc3\xadtico, es hech\xe2\x80\xa6'"
2018-07-15 02:52:39,b'RT @LourdesCuestaO: No puedo dejar de mencionarlo: si en la consulta popular todos aprobamos que un corrupto no pueda volver a trabajar en\xe2\x80\xa6'
2018-07-15 02:28:47,"b'RT @LourdesCuestaO: Debo ser honesta estoy muy sensible,  ya que a raz\xc3\xb3n de este proyecto he conocido de muchos otros casos de abuso sexual\xe2\x80\xa6'"
2018-07-15 02:27:49,"b'RT @LourdesCuestaO: Debemos tomar acciones concretas y eso representa la #LeyREVAAS, por eso he pedido a la Presidenta de la Asamblea que l\xe2\x80\xa6'"
2018-07-15 01:18:22,b'RT @LourdesCuestaO: Buenos d\xc3\xadas y feliz viernes! Con un poco de fri\xc3\xb3 de Cuenca.. en unas pocas horas haremos el lanzamiento de la #LeyREVAA\xe2\x80\xa6'
2018-07-15 00:47:18,b'RT @MaraCristinaA19: #Cuenca\n#LeyREVAAS\nNo mas depredadores sexuales cerca de nuestros ni\xc3\xb1os!\n @ResFamiliasCue\n@AbusosEc\n @Progcamaleon\n@Gu\xe2\x80\xa6'
2018-07-14 23:27:50,"b'RT @MaraCristinaA19: #Cuenca\n#LeyREVAAS\nProtejamos a nuestros hijos, que sea ley!\n\n@ResFamiliasCue\n@AbusosEc\n @Progcamaleon\n@GuevPedro\n@la_\xe2\x80\xa6'"
2018-07-14 22:28:19,"b'RT @LourdesCuestaO: Me gustar\xc3\xada contar con el apoyo de toda la ciudadan\xc3\xada para la #LeyREVAAS este proyecto no tiene tinte pol\xc3\xadtico, es hech\xe2\x80\xa6'"
2018-07-14 22:28:01,"b'RT @carolina_lc: Es dif\xc3\xadcil y doloroso imaginar que se lastime la inocencia de nuestros ni\xc3\xb1os, la mayor\xc3\xada de casos de abuso infantil sucede\xe2\x80\xa6'"
2018-07-14 21:27:24,b'RT @LourdesCuestaO: Deseo que sean los ciudadanos quienes se apropien de este proyecto pues el mismo no tiene bandera pol\xc3\xadtica ha sido real\xe2\x80\xa6'
2018-07-14 16:36:46,b'RT @LourdesCuestaO: No puedo dejar de mencionarlo: si en la consulta popular todos aprobamos que un corrupto no pueda volver a trabajar en\xe2\x80\xa6'
2018-07-14 16:20:21,b'RT @LourdesCuestaO: #Entrevista\nEn @radioi99 sobre la #LeyREVAAS: una persona que ha causado tanto da\xc3\xb1o a una criatura no puede volver a ac\xe2\x80\xa6'
2018-07-14 15:41:05,b'RT @LouxC: A las 7:30 estar\xc3\xa9 en @tomebamba 1070 am en #CUENCA cont\xc3\xa1ndoles m\xc3\xa1s sobre la #LeyREVAAS'
2018-07-14 15:29:59,b'RT @LourdesCuestaO: No puedo dejar de mencionarlo: si en la consulta popular todos aprobamos que un corrupto no pueda volver a trabajar en\xe2\x80\xa6'
2018-07-14 14:26:04,b'RT @LourdesCuestaO: Queremos distinguir un grupo peligroso en beneficio y a favor de un grupo de mayor cuidado y de especial atenci\xc3\xb3n como\xe2\x80\xa6'
2018-07-14 14:14:15,"b'RT @LourdesCuestaO: Me gustar\xc3\xada contar con el apoyo de toda la ciudadan\xc3\xada para la #LeyREVAAS este proyecto no tiene tinte pol\xc3\xadtico, es hech\xe2\x80\xa6'"
2018-07-14 13:21:19,"b'RT @LourdesCuestaO: Debemos tomar acciones concretas y eso representa la #LeyREVAAS, por eso he pedido a la Presidenta de la Asamblea que l\xe2\x80\xa6'"
2018-07-14 12:59:00,b'RT @LouxC: A las 7:30 estar\xc3\xa9 en @tomebamba 1070 am en #CUENCA cont\xc3\xa1ndoles m\xc3\xa1s sobre la #LeyREVAAS'
2018-07-14 12:44:02,"b'RT @LouxC: \xc2\xbfTe interesa trabajar por los ni\xc3\xb1os? A mi tambi\xc3\xa9n. Por eso propongo la #LeyRevaas, mira el video, s\xc3\xbamate a esta iniciativa y tra\xe2\x80\xa6'"
2018-07-14 12:42:02,b'RT @LouxC: A las 7:30 estar\xc3\xa9 en @tomebamba 1070 am en #CUENCA cont\xc3\xa1ndoles m\xc3\xa1s sobre la #LeyREVAAS'
2018-07-14 12:38:48,"b'RT @LourdesCuestaO: Me gustar\xc3\xada contar con el apoyo de toda la ciudadan\xc3\xada para la #LeyREVAAS este proyecto no tiene tinte pol\xc3\xadtico, es hech\xe2\x80\xa6'"
2018-07-14 12:24:15,b'A las 7:30 estar\xc3\xa9 en @tomebamba 1070 am en #CUENCA cont\xc3\xa1ndoles m\xc3\xa1s sobre la #LeyREVAAS'
2018-07-14 11:58:21,b'RT @LourdesCuestaO: No puedo dejar de mencionarlo: si en la consulta popular todos aprobamos que un corrupto no pueda volver a trabajar en\xe2\x80\xa6'
2018-07-14 09:56:13,b'RT @LourdesCuestaO: Como lo he dicho en varias ocasiones este tipo de leyes existen en otros pa\xc3\xadses y eso queremos replicar en el #Ecuador.\xe2\x80\xa6'
2018-07-14 06:50:39,b'RT @LourdesCuestaO: #Entrevista\nEn @radioi99 sobre la #LeyREVAAS: una persona que ha causado tanto da\xc3\xb1o a una criatura no puede volver a ac\xe2\x80\xa6'
2018-07-14 05:00:10,"b'RT @patoedg: Mientras m\xc3\xa1s personas se conciencien y m\xc3\xa1s nos unamos en proteger a nuestros ni\xc3\xb1os, pronto podremos acabar con el abuso sexual\xe2\x80\xa6'"
2018-07-14 03:57:49,"b'RT @LourdesCuestaO: Me gustar\xc3\xada contar con el apoyo de toda la ciudadan\xc3\xada para la #LeyREVAAS este proyecto no tiene tinte pol\xc3\xadtico, es hech\xe2\x80\xa6'"
2018-07-14 03:50:10,b'RT @LourdesCuestaO: Como lo he dicho en varias ocasiones este tipo de leyes existen en otros pa\xc3\xadses y eso queremos replicar en el #Ecuador.\xe2\x80\xa6'
2018-07-14 03:41:25,b'RT @LourdesCuestaO: Hemos estudiado previamente derecho comparado y varios estudios que demuestran que las personas que cometen estos actos\xe2\x80\xa6'
2018-07-14 03:03:40,"b'RT @LourdesCuestaO: Me gustar\xc3\xada contar con el apoyo de toda la ciudadan\xc3\xada para la #LeyREVAAS este proyecto no tiene tinte pol\xc3\xadtico, es hech\xe2\x80\xa6'"
2018-07-14 02:49:10,b'RT @LourdesCuestaO: No puedo dejar de mencionarlo: si en la consulta popular todos aprobamos que un corrupto no pueda volver a trabajar en\xe2\x80\xa6'
2018-07-14 02:27:13,"b'RT @LourdesCuestaO: Debemos tomar acciones concretas y eso representa la #LeyREVAAS, por eso he pedido a la Presidenta de la Asamblea que l\xe2\x80\xa6'"
2018-07-14 02:26:47,b'RT @LourdesCuestaO: Como lo he dicho en varias ocasiones este tipo de leyes existen en otros pa\xc3\xadses y eso queremos replicar en el #Ecuador.\xe2\x80\xa6'
2018-07-14 02:25:53,"b'RT @LourdesCuestaO: Debemos tomar acciones concretas y eso representa la #LeyREVAAS, por eso he pedido a la Presidenta de la Asamblea que l\xe2\x80\xa6'"
2018-07-14 02:25:47,b'RT @LourdesCuestaO: Como lo he dicho en varias ocasiones este tipo de leyes existen en otros pa\xc3\xadses y eso queremos replicar en el #Ecuador.\xe2\x80\xa6'
2018-07-14 02:16:50,b'RT @LourdesCuestaO: #LeyREVAAS \n\nMa\xc3\xb1ana estar\xc3\xa9 en #Cuenca presentando este proyecto de ley para cuidar a nuestros ni\xc3\xb1os y que los agresores\xe2\x80\xa6'
2018-07-14 02:13:13,b'RT @LourdesCuestaO: Queremos trabajar coordinadamente con el Ministerio del Interior para que tambi\xc3\xa9n los extranjeros que vieneN al pa\xc3\xads Y\xe2\x80\xa6'
2018-07-14 02:11:45,b'RT @LourdesCuestaO: Queremos trabajar coordinadamente con el Ministerio del Interior para que tambi\xc3\xa9n los extranjeros que vieneN al pa\xc3\xads Y\xe2\x80\xa6'
2018-07-14 02:10:39,b'RT @LourdesCuestaO: Queremos trabajar coordinadamente con el Ministerio del Interior para que tambi\xc3\xa9n los extranjeros que vieneN al pa\xc3\xads Y\xe2\x80\xa6'
2018-07-14 02:09:22,"b'RT @LourdesCuestaO: Me gustar\xc3\xada contar con el apoyo de toda la ciudadan\xc3\xada para la #LeyREVAAS este proyecto no tiene tinte pol\xc3\xadtico, es hech\xe2\x80\xa6'"
2018-07-14 02:09:20,b'RT @LourdesCuestaO: Una vez que se apruebe la #LeyREVAAS vamos a realizar una consulta a la #CorteConstitucional para que en el registro se\xe2\x80\xa6'
2018-07-14 02:08:03,b'RT @LourdesCuestaO: Queremos trabajar coordinadamente con el Ministerio del Interior para que tambi\xc3\xa9n los extranjeros que vieneN al pa\xc3\xads Y\xe2\x80\xa6'
2018-07-14 02:07:09,b'RT @LourdesCuestaO: Queremos trabajar coordinadamente con el Ministerio del Interior para que tambi\xc3\xa9n los extranjeros que vieneN al pa\xc3\xads Y\xe2\x80\xa6'
2018-07-14 02:05:48,b'RT @LourdesCuestaO: Queremos trabajar coordinadamente con el Ministerio del Interior para que tambi\xc3\xa9n los extranjeros que vieneN al pa\xc3\xads Y\xe2\x80\xa6'
2018-07-14 01:56:49,b'RT @LourdesCuestaO: No puedo dejar de mencionarlo: si en la consulta popular todos aprobamos que un corrupto no pueda volver a trabajar en\xe2\x80\xa6'
2018-07-14 01:51:43,"b'RT @LourdesCuestaO: #LeyREVAAS\n\nSe enfoca en  la ni\xc3\xb1ez como grupo de atenci\xc3\xb3n prioritaria, va m\xc3\xa1s all\xc3\xa1 de temas pol\xc3\xadticos: es de todo el #E\xe2\x80\xa6'"
2018-07-14 01:39:34,b'RT @LourdesCuestaO: No puedo dejar de mencionarlo: si en la consulta popular todos aprobamos que un corrupto no pueda volver a trabajar en\xe2\x80\xa6'
2018-07-14 01:29:02,b'RT @LourdesCuestaO: No puedo dejar de mencionarlo: si en la consulta popular todos aprobamos que un corrupto no pueda volver a trabajar en\xe2\x80\xa6'
2018-07-14 01:27:13,"b'RT @LourdesCuestaO: Debemos cuidar a los mas peque\xc3\xb1os! Los ni\xc3\xb1os no mienten, si vemos un comportamiento extra\xc3\xb1o prendamos las alertas! Algo\xe2\x80\xa6'"
2018-07-14 01:11:59,"b'RT @LourdesCuestaO: Debo ser honesta estoy muy sensible,  ya que a raz\xc3\xb3n de este proyecto he conocido de muchos otros casos de abuso sexual\xe2\x80\xa6'"
2018-07-14 01:11:41,"b'RT @LourdesCuestaO: Debemos cuidar a los mas peque\xc3\xb1os! Los ni\xc3\xb1os no mienten, si vemos un comportamiento extra\xc3\xb1o prendamos las alertas! Algo\xe2\x80\xa6'"
2018-07-14 01:10:40,b'RT @LourdesCuestaO: No puedo dejar de mencionarlo: si en la consulta popular todos aprobamos que un corrupto no pueda volver a trabajar en\xe2\x80\xa6'
2018-07-14 00:46:47,b'RT @LourdesCuestaO: No puedo dejar de mencionarlo: si en la consulta popular todos aprobamos que un corrupto no pueda volver a trabajar en\xe2\x80\xa6'
2018-07-14 00:46:35,"b'RT @LourdesCuestaO: Debemos cuidar a los mas peque\xc3\xb1os! Los ni\xc3\xb1os no mienten, si vemos un comportamiento extra\xc3\xb1o prendamos las alertas! Algo\xe2\x80\xa6'"
2018-07-14 00:36:08,b'RT @LourdesCuestaO: Deseo que sean los ciudadanos quienes se apropien de este proyecto pues el mismo no tiene bandera pol\xc3\xadtica ha sido real\xe2\x80\xa6'
2018-07-14 00:36:07,"b'RT @LourdesCuestaO: Debemos tomar acciones concretas y eso representa la #LeyREVAAS, por eso he pedido a la Presidenta de la Asamblea que l\xe2\x80\xa6'"
2018-07-14 00:36:05,"b'RT @LourdesCuestaO: Debo ser honesta estoy muy sensible,  ya que a raz\xc3\xb3n de este proyecto he conocido de muchos otros casos de abuso sexual\xe2\x80\xa6'"
2018-07-14 00:34:44,b'@Jimenez15081 @tomebamba No se habla en ninguna parte de la #LeyREVAAS del establecimiento de sanciones. La pena es\xe2\x80\xa6 https://t.co/iENvnQmHos'
2018-07-14 00:34:40,b'RT @LourdesCuestaO: No puedo dejar de mencionarlo: si en la consulta popular todos aprobamos que un corrupto no pueda volver a trabajar en\xe2\x80\xa6'
2018-07-14 00:34:31,"b'RT @LourdesCuestaO: Debemos cuidar a los mas peque\xc3\xb1os! Los ni\xc3\xb1os no mienten, si vemos un comportamiento extra\xc3\xb1o prendamos las alertas! Algo\xe2\x80\xa6'"
2018-07-14 00:34:02,"b'RT @LourdesCuestaO: Debo ser honesta estoy muy sensible,  ya que a raz\xc3\xb3n de este proyecto he conocido de muchos otros casos de abuso sexual\xe2\x80\xa6'"
2018-07-14 00:33:55,"b'RT @LourdesCuestaO: Debemos tomar acciones concretas y eso representa la #LeyREVAAS, por eso he pedido a la Presidenta de la Asamblea que l\xe2\x80\xa6'"
2018-07-14 00:33:47,b'RT @LourdesCuestaO: Deseo que sean los ciudadanos quienes se apropien de este proyecto pues el mismo no tiene bandera pol\xc3\xadtica ha sido real\xe2\x80\xa6'
2018-07-14 00:33:27,b'RT @LourdesCuestaO: Queremos trabajar coordinadamente con el Ministerio del Interior para que tambi\xc3\xa9n los extranjeros que vieneN al pa\xc3\xads Y\xe2\x80\xa6'
2018-07-14 00:33:15,b'RT @LourdesCuestaO: Queremos trabajar coordinadamente con el Ministerio del Interior para que tambi\xc3\xa9n los extranjeros que vieneN al pa\xc3\xads Y\xe2\x80\xa6'
2018-07-14 00:32:21,b'RT @LourdesCuestaO: Como lo he dicho en varias ocasiones este tipo de leyes existen en otros pa\xc3\xadses y eso queremos replicar en el #Ecuador.\xe2\x80\xa6'
2018-07-14 00:31:58,b'RT @LourdesCuestaO: Deseo que sean los ciudadanos quienes se apropien de este proyecto pues el mismo no tiene bandera pol\xc3\xadtica ha sido real\xe2\x80\xa6'
2018-07-14 00:31:56,"b'RT @LourdesCuestaO: Debemos tomar acciones concretas y eso representa la #LeyREVAAS, por eso he pedido a la Presidenta de la Asamblea que l\xe2\x80\xa6'"
2018-07-14 00:31:54,"b'RT @LourdesCuestaO: Debo ser honesta estoy muy sensible,  ya que a raz\xc3\xb3n de este proyecto he conocido de muchos otros casos de abuso sexual\xe2\x80\xa6'"
2018-07-14 00:31:30,b'RT @LourdesCuestaO: Queremos trabajar coordinadamente con el Ministerio del Interior para que tambi\xc3\xa9n los extranjeros que vieneN al pa\xc3\xads Y\xe2\x80\xa6'
2018-07-14 00:31:23,b'RT @LourdesCuestaO: Deseo que sean los ciudadanos quienes se apropien de este proyecto pues el mismo no tiene bandera pol\xc3\xadtica ha sido real\xe2\x80\xa6'
2018-07-14 00:31:17,"b'RT @LourdesCuestaO: Debemos tomar acciones concretas y eso representa la #LeyREVAAS, por eso he pedido a la Presidenta de la Asamblea que l\xe2\x80\xa6'"
2018-07-14 00:31:12,"b'RT @LourdesCuestaO: Debo ser honesta estoy muy sensible,  ya que a raz\xc3\xb3n de este proyecto he conocido de muchos otros casos de abuso sexual\xe2\x80\xa6'"
2018-07-14 00:30:56,b'RT @LourdesCuestaO: Como lo he dicho en varias ocasiones este tipo de leyes existen en otros pa\xc3\xadses y eso queremos replicar en el #Ecuador.\xe2\x80\xa6'
2018-07-14 00:30:48,"b'RT @LourdesCuestaO: Debemos cuidar a los mas peque\xc3\xb1os! Los ni\xc3\xb1os no mienten, si vemos un comportamiento extra\xc3\xb1o prendamos las alertas! Algo\xe2\x80\xa6'"
2018-07-14 00:30:41,b'RT @LourdesCuestaO: No puedo dejar de mencionarlo: si en la consulta popular todos aprobamos que un corrupto no pueda volver a trabajar en\xe2\x80\xa6'
2018-07-14 00:26:29,b'RT @LourdesCuestaO: Queremos trabajar coordinadamente con el Ministerio del Interior para que tambi\xc3\xa9n los extranjeros que vieneN al pa\xc3\xads Y\xe2\x80\xa6'
2018-07-14 00:25:24,"b'RT @MaraCristinaA19: #Cuenca\n#LeyREVAAS\nProtejamos a nuestros hijos, que sea ley!\n\n@ResFamiliasCue\n@AbusosEc\n @Progcamaleon\n@GuevPedro\n@la_\xe2\x80\xa6'"
2018-07-14 00:12:34,b'RT @LourdesCuestaO: No puedo dejar de mencionarlo: si en la consulta popular todos aprobamos que un corrupto no pueda volver a trabajar en\xe2\x80\xa6'
2018-07-13 23:25:06,b'RT @LourdesCuestaO: Hemos estudiado previamente derecho comparado y varios estudios que demuestran que las personas que cometen estos actos\xe2\x80\xa6'
2018-07-13 23:04:47,"b'RT @LourdesCuestaO: Debemos cuidar a los mas peque\xc3\xb1os! Los ni\xc3\xb1os no mienten, si vemos un comportamiento extra\xc3\xb1o prendamos las alertas! Algo\xe2\x80\xa6'"
2018-07-13 23:04:20,b'RT @LourdesCuestaO: No puedo dejar de mencionarlo: si en la consulta popular todos aprobamos que un corrupto no pueda volver a trabajar en\xe2\x80\xa6'
2018-07-13 22:58:24,b'RT @LourdesCuestaO: No puedo dejar de mencionarlo: si en la consulta popular todos aprobamos que un corrupto no pueda volver a trabajar en\xe2\x80\xa6'
2018-07-13 22:47:50,"b'RT @LourdesCuestaO: Debemos cuidar a los mas peque\xc3\xb1os! Los ni\xc3\xb1os no mienten, si vemos un comportamiento extra\xc3\xb1o prendamos las alertas! Algo\xe2\x80\xa6'"
2018-07-13 22:40:14,b'RT @LourdesCuestaO: No puedo dejar de mencionarlo: si en la consulta popular todos aprobamos que un corrupto no pueda volver a trabajar en\xe2\x80\xa6'
2018-07-13 22:32:46,b'Queremos trabajar coordinadamente con el Ministerio del Interior para que tambi\xc3\xa9n los extranjeros que vieneN al pa\xc3\xad\xe2\x80\xa6 https://t.co/UmcXICmJoJ'
2018-07-13 22:30:51,b'Deseo que sean los ciudadanos quienes se apropien de este proyecto pues el mismo no tiene bandera pol\xc3\xadtica ha sido\xe2\x80\xa6 https://t.co/ius8Y6HiGX'
2018-07-13 22:29:05,"b'Debemos tomar acciones concretas y eso representa la #LeyREVAAS, por eso he pedido a la Presidenta de la Asamblea q\xe2\x80\xa6 https://t.co/g85GANA5Hj'"
2018-07-13 22:25:05,"b'Como cuencana tengo una herida en el alma de ver todo lo que ha sucedido en nuestra ciudad, siento que es mi obliga\xe2\x80\xa6 https://t.co/7ahiS7O90q'"
2018-07-13 22:20:54,b'RT @LourdesCuestaO: No puedo dejar de mencionarlo: si en la consulta popular todos aprobamos que un corrupto no pueda volver a trabajar en\xe2\x80\xa6'
2018-07-13 22:20:23,"b'Debo ser honesta estoy muy sensible,  ya que a raz\xc3\xb3n de este proyecto he conocido de muchos otros casos de abuso se\xe2\x80\xa6 https://t.co/XYajxJZ6Pe'"
2018-07-13 22:19:44,b'RT @LourdesCuestaO: No puedo dejar de mencionarlo: si en la consulta popular todos aprobamos que un corrupto no pueda volver a trabajar en\xe2\x80\xa6'
2018-07-13 22:15:54,b'Como lo he dicho en varias ocasiones este tipo de leyes existen en otros pa\xc3\xadses y eso queremos replicar en el\xe2\x80\xa6 https://t.co/yc8yeUkTbT'
2018-07-13 22:13:51,"b'RT @LourdesCuestaO: Debemos cuidar a los mas peque\xc3\xb1os! Los ni\xc3\xb1os no mienten, si vemos un comportamiento extra\xc3\xb1o prendamos las alertas! Algo\xe2\x80\xa6'"
2018-07-13 22:13:44,b'RT @LourdesCuestaO: No puedo dejar de mencionarlo: si en la consulta popular todos aprobamos que un corrupto no pueda volver a trabajar en\xe2\x80\xa6'
2018-07-13 22:12:34,b'RT @LourdesCuestaO: No puedo dejar de mencionarlo: si en la consulta popular todos aprobamos que un corrupto no pueda volver a trabajar en\xe2\x80\xa6'
2018-07-13 22:11:51,b'RT @LourdesCuestaO: No puedo dejar de mencionarlo: si en la consulta popular todos aprobamos que un corrupto no pueda volver a trabajar en\xe2\x80\xa6'
2018-07-13 22:11:28,b'No puedo dejar de mencionarlo: si en la consulta popular todos aprobamos que un corrupto no pueda volver a trabajar\xe2\x80\xa6 https://t.co/NCCl1hPV7l'
2018-07-13 22:09:05,b'\xf0\x9f\x9a\xab No paramos!!  ahora en @splendid1040 queremos ir contribuyendo poco a poco para tener un #Ecuador libre de abuso\xe2\x80\xa6 https://t.co/l476v6A8I6'
2018-07-13 21:07:06,"b'RT @patoedg: Mientras m\xc3\xa1s personas se conciencien y m\xc3\xa1s nos unamos en proteger a nuestros ni\xc3\xb1os, pronto podremos acabar con el abuso sexual\xe2\x80\xa6'"
2018-07-13 21:06:34,"b'RT @patoedg: Mientras m\xc3\xa1s personas se conciencien y m\xc3\xa1s nos unamos en proteger a nuestros ni\xc3\xb1os, pronto podremos acabar con el abuso sexual\xe2\x80\xa6'"
2018-07-13 21:04:35,b'RT @LourdesCuestaO: Buenos d\xc3\xadas y feliz viernes! Con un poco de fri\xc3\xb3 de Cuenca.. en unas pocas horas haremos el lanzamiento de la #LeyREVAA\xe2\x80\xa6'
2018-07-13 21:03:02,"b'RT @patoedg: Mientras m\xc3\xa1s personas se conciencien y m\xc3\xa1s nos unamos en proteger a nuestros ni\xc3\xb1os, pronto podremos acabar con el abuso sexual\xe2\x80\xa6'"
2018-07-13 21:02:52,"b'RT @patoedg: Mientras m\xc3\xa1s personas se conciencien y m\xc3\xa1s nos unamos en proteger a nuestros ni\xc3\xb1os, pronto podremos acabar con el abuso sexual\xe2\x80\xa6'"
2018-07-13 21:00:11,"b'RT @MaraCristinaA19: #Cuenca\n#LeyREVAAS\nProtejamos a nuestros hijos, que sea ley!\n\n@ResFamiliasCue\n@AbusosEc\n @Progcamaleon\n@GuevPedro\n@la_\xe2\x80\xa6'"
2018-07-13 20:48:48,"b'RT @patoedg: Mientras m\xc3\xa1s personas se conciencien y m\xc3\xa1s nos unamos en proteger a nuestros ni\xc3\xb1os, pronto podremos acabar con el abuso sexual\xe2\x80\xa6'"
2018-07-13 20:48:27,"b'RT @patoedg: Mientras m\xc3\xa1s personas se conciencien y m\xc3\xa1s nos unamos en proteger a nuestros ni\xc3\xb1os, pronto podremos acabar con el abuso sexual\xe2\x80\xa6'"
2018-07-13 20:48:20,"b'Mientras m\xc3\xa1s personas se conciencien y m\xc3\xa1s nos unamos en proteger a nuestros ni\xc3\xb1os, pronto podremos acabar con el a\xe2\x80\xa6 https://t.co/EmpmDpWGGR'"
2018-07-13 20:40:23,b'RT @LourdesCuestaO: Ahora ya en @UNSIONTV para seguirle contando a la gente de #Cuenca y del pa\xc3\xads acerca de mi propuesta de #LeyREVAAS y po\xe2\x80\xa6'
2018-07-13 20:40:17,b'RT @LourdesCuestaO: Queremos distinguir un grupo peligroso en beneficio y a favor de un grupo de mayor cuidado y de especial atenci\xc3\xb3n como\xe2\x80\xa6'
2018-07-13 20:40:15,"b'RT @LourdesCuestaO: No queremos que en el pa\xc3\xads se repitan casos dolorosos como el Caso \xe2\x80\x9cEli\xe2\x80\x9d, Caso \xe2\x80\x9cEmilia\xe2\x80\x9d, Caso \xe2\x80\x9cEl Principito. No podemo\xe2\x80\xa6'"
2018-07-13 20:40:11,"b'RT @LourdesCuestaO: La ley ya fue presentada en la @AsambleaEcuador y hemos solicitado que sea incluida en la agenda legislativa, para pode\xe2\x80\xa6'"
2018-07-13 20:30:39,b'RT @complicefm: En rueda de prensa se realiza  el lanzamiento de la #LeyREVAAS en la casa de la Asamblea Nacional (Quinta Bol\xc3\xadvar) por part\xe2\x80\xa6'
2018-07-13 20:30:26,b'RT @LourdesCuestaO: La #LeyREVAAS es de gran importancia para mi! Por ello har\xc3\xa9 su lanzamiento en la ciudad de #Cuenca en donde han ocurrid\xe2\x80\xa6'
2018-07-13 20:30:19,"b'RT @LourdesCuestaO: En la @AsambleaEcuador contamos con gran apoyo al proyecto, es una tarea pendiente que tenemos con el #Ecuador en raz\xc3\xb3n\xe2\x80\xa6'"
2018-07-13 20:22:55,"b'RT @LourdesCuestaO: No queremos repetir m\xc3\xa1s casos que han entristecido tanto al pa\xc3\xads y a #Cuenca, pensamos que este proyecto ayudar\xc3\xa1 a prev\xe2\x80\xa6'"
2018-07-13 20:22:42,"b'RT @LourdesCuestaO: La ley ya fue presentada en la @AsambleaEcuador y hemos solicitado que sea incluida en la agenda legislativa, para pode\xe2\x80\xa6'"
2018-07-13 20:21:46,"b'RT @LourdesCuestaO: No queremos que en el pa\xc3\xads se repitan casos dolorosos como el Caso \xe2\x80\x9cEli\xe2\x80\x9d, Caso \xe2\x80\x9cEmilia\xe2\x80\x9d, Caso \xe2\x80\x9cEl Principito. No podemo\xe2\x80\xa6'"
2018-07-13 20:16:03,b'RT @LourdesCuestaO: Hemos estudiado previamente derecho comparado y varios estudios que demuestran que las personas que cometen estos actos\xe2\x80\xa6'
2018-07-13 20:15:27,b'RT @LourdesCuestaO: Queremos distinguir un grupo peligroso en beneficio y a favor de un grupo de mayor cuidado y de especial atenci\xc3\xb3n como\xe2\x80\xa6'
2018-07-13 20:11:57,"b'RT @LourdesCuestaO: En la @AsambleaEcuador contamos con gran apoyo al proyecto, es una tarea pendiente que tenemos con el #Ecuador en raz\xc3\xb3n\xe2\x80\xa6'"
2018-07-13 20:01:53,b'RT @LourdesCuestaO: #LeyREVAAS \n\nMa\xc3\xb1ana estar\xc3\xa9 en #Cuenca presentando este proyecto de ley para cuidar a nuestros ni\xc3\xb1os y que los agresores\xe2\x80\xa6'
2018-07-13 19:43:36,b'RT @LourdesCuestaO: Queremos distinguir un grupo peligroso en beneficio y a favor de un grupo de mayor cuidado y de especial atenci\xc3\xb3n como\xe2\x80\xa6'
2018-07-13 19:42:22,"b'RT @LourdesCuestaO: Me gustar\xc3\xada contar con el apoyo de toda la ciudadan\xc3\xada para la #LeyREVAAS este proyecto no tiene tinte pol\xc3\xadtico, es hech\xe2\x80\xa6'"
2018-07-13 19:38:06,"b'RT @LourdesCuestaO: En la @AsambleaEcuador contamos con gran apoyo al proyecto, es una tarea pendiente que tenemos con el #Ecuador en raz\xc3\xb3n\xe2\x80\xa6'"
2018-07-13 19:36:57,b'RT @LourdesCuestaO: #LeyREVAAS \n\nMa\xc3\xb1ana estar\xc3\xa9 en #Cuenca presentando este proyecto de ley para cuidar a nuestros ni\xc3\xb1os y que los agresores\xe2\x80\xa6'
2018-07-13 19:26:21,"b'RT @LourdesCuestaO: Me gustar\xc3\xada contar con el apoyo de toda la ciudadan\xc3\xada para la #LeyREVAAS este proyecto no tiene tinte pol\xc3\xadtico, es hech\xe2\x80\xa6'"
2018-07-13 19:25:16,"b'RT @LourdesCuestaO: No queremos que en el pa\xc3\xads se repitan casos dolorosos como el Caso \xe2\x80\x9cEli\xe2\x80\x9d, Caso \xe2\x80\x9cEmilia\xe2\x80\x9d, Caso \xe2\x80\x9cEl Principito. No podemo\xe2\x80\xa6'"
2018-07-13 19:04:12,"b'RT @LourdesCuestaO: Me gustar\xc3\xada contar con el apoyo de toda la ciudadan\xc3\xada para la #LeyREVAAS este proyecto no tiene tinte pol\xc3\xadtico, es hech\xe2\x80\xa6'"
2018-07-13 19:04:10,b'RT @LourdesCuestaO: Una vez que se apruebe la #LeyREVAAS vamos a realizar una consulta a la #CorteConstitucional para que en el registro se\xe2\x80\xa6'
2018-07-13 19:00:43,"b'RT @LourdesCuestaO: Me gustar\xc3\xada contar con el apoyo de toda la ciudadan\xc3\xada para la #LeyREVAAS este proyecto no tiene tinte pol\xc3\xadtico, es hech\xe2\x80\xa6'"
2018-07-13 19:00:41,b'RT @LourdesCuestaO: Una vez que se apruebe la #LeyREVAAS vamos a realizar una consulta a la #CorteConstitucional para que en el registro se\xe2\x80\xa6'
2018-07-13 19:00:41,b'RT @LourdesCuestaO: Ahora ya en @UNSIONTV para seguirle contando a la gente de #Cuenca y del pa\xc3\xads acerca de mi propuesta de #LeyREVAAS y po\xe2\x80\xa6'
2018-07-13 19:00:24,"b'RT @LourdesCuestaO: La ley ya fue presentada en la @AsambleaEcuador y hemos solicitado que sea incluida en la agenda legislativa, para pode\xe2\x80\xa6'"
2018-07-13 18:56:13,"b'RT @LourdesCuestaO: No queremos que en el pa\xc3\xads se repitan casos dolorosos como el Caso \xe2\x80\x9cEli\xe2\x80\x9d, Caso \xe2\x80\x9cEmilia\xe2\x80\x9d, Caso \xe2\x80\x9cEl Principito. No podemo\xe2\x80\xa6'"
2018-07-13 18:55:15,b'RT @LourdesCuestaO: Queremos distinguir un grupo peligroso en beneficio y a favor de un grupo de mayor cuidado y de especial atenci\xc3\xb3n como\xe2\x80\xa6'
2018-07-13 18:48:44,"b'RT @LourdesCuestaO: No queremos que en el pa\xc3\xads se repitan casos dolorosos como el Caso \xe2\x80\x9cEli\xe2\x80\x9d, Caso \xe2\x80\x9cEmilia\xe2\x80\x9d, Caso \xe2\x80\x9cEl Principito. No podemo\xe2\x80\xa6'"
2018-07-13 18:46:04,"b'La ley ya fue presentada en la @AsambleaEcuador y hemos solicitado que sea incluida en la agenda legislativa, para\xe2\x80\xa6 https://t.co/5BD2N7LwQ4'"
2018-07-13 18:45:20,"b'RT @LourdesCuestaO: No queremos que en el pa\xc3\xads se repitan casos dolorosos como el Caso \xe2\x80\x9cEli\xe2\x80\x9d, Caso \xe2\x80\x9cEmilia\xe2\x80\x9d, Caso \xe2\x80\x9cEl Principito. No podemo\xe2\x80\xa6'"
2018-07-13 18:44:19,b'RT @patoedg: Apoyo totalmente #LeyREVAAS aplaudo esta iniciativa felicitaciones estimada Asambleista @LouxC gracias por la invitaci\xc3\xb3n estar\xe2\x80\xa6'
2018-07-13 18:43:56,"b'No queremos que en el pa\xc3\xads se repitan casos dolorosos como el Caso \xe2\x80\x9cEli\xe2\x80\x9d, Caso \xe2\x80\x9cEmilia\xe2\x80\x9d, Caso \xe2\x80\x9cEl Principito. No po\xe2\x80\xa6 https://t.co/5UhltYecvX'"
2018-07-13 18:41:33,b'@LourdesCuestaO Entrevista en .@unsiontv #LeyREVAAS https://t.co/yQAExQki4r'
2018-07-13 18:40:40,b'RT @LourdesCuestaO: Queremos distinguir un grupo peligroso en beneficio y a favor de un grupo de mayor cuidado y de especial atenci\xc3\xb3n como\xe2\x80\xa6'
2018-07-13 18:40:37,b'RT @LourdesCuestaO: Queremos distinguir un grupo peligroso en beneficio y a favor de un grupo de mayor cuidado y de especial atenci\xc3\xb3n como\xe2\x80\xa6'
